FULL NAME,NICKNAME,GENDER,DATE OF BIRTH,PHONE NUMBER,PROGRAM SELECTED,BRANCH,CHECKLIST A,CHECKLIST B,CHECKLIST C,CHECKLIST D,CHECKLIST E,ADMISSION STATUS,KETERANGAN PENGUJI 1,KETERANGAN PENGUJI 2,KETERANGAN PENGUJI 3,
Participant 1,Participant 1,Pria,31/01/2003,85000000001,Arts - Flag,Solo,Yes,Yes,Yes,Yes,Yes,No,,,,
Participant 138,Participant 138,Wanita,03/01/1986,85000000138,Arts - Flag,Magelang,Yes,Yes,Yes,Yes,Yes,Yes,,,,
Participant 286,Participant 286,Pria,06/01/1999,85000000286,Arts - Flag,Yogyakarta,Yes,Yes,Yes,Yes,Yes,Yes,Bagus,Kurang,,
Participant 368,Participant 368,Pria,19/01/1999,85000000368,Arts - Flag,Sragen,Yes,Yes,Yes,No,No,Yes,Bagus,,,
Participant 466,Participant 466,Pria,03/07/2003,85000000466,Arts - Flag,Bali,Yes,Yes,Yes,No,No,No,,,,
PARTICIPANT 696,PARTICIPANT 696,Wanita,31/01/2003,85000000696,Arts - Flag,Magelang,Yes,Yes,Yes,Yes,Yes,Yes,,,,
PARTICIPANT 867,PARTICIPANT 867,Wanita,31/01/2003,85000000867,Arts - Flag,Magelang,Yes,Yes,Yes,Yes,Yes,Yes,,,,
PARTICIPANT 1181,PARTICIPANT 1181,Wanita,31/01/2003,85000001181,Arts - Flag,Magelang,Yes,Yes,Yes,Yes,Yes,Yes,,,Kurang,
PARTICIPANT 1296,PARTICIPANT 1296,Wanita,31/01/2003,85000001296,Arts - Flag,Magelang,Yes,Yes,Yes,Yes,Yes,Yes,,,,
PARTICIPANT 1394,PARTICIPANT 1394,Wanita,31/01/2003,85000001394,Arts - Flag,Magelang,Yes,Yes,Yes,Yes,Yes,Yes,,,,
PARTICIPANT 1638,PARTICIPANT 1638,Wanita,31/01/2003,85000001638,Arts - Flag,Magelang,Yes,Yes,Yes,No,Yes,Yes,,,,
Participant 502,Participant 502,Pria,17/03/1999,85000000502,Arts - Flag,Sragen,Yes,Yes,Yes,Yes,Yes,Yes,,,,
Participant 520,Participant 520,Wanita,11/07/2002,85000000520,Arts - Flag,Yogyakarta,Yes,Yes,Yes,Yes,Yes,Yes,,,,
Participant 555,Participant 555,Wanita,16/10/1998,85000000555,Arts - Flag,Yogyakarta,Yes,Yes,Yes,Yes,Yes,Yes,,,,
Participant 592,Participant 592,Wanita,25/02/1995,85000000592,Arts - Flag,Yogyakarta,Yes,Yes,Yes,Yes,Yes,No,,,,
Participant 661,Participant 661,Wanita,11/12/2003,85000000661,Arts - Flag,Solo,No,No,Yes,Yes,Yes,Yes,,,,
Participant 715,Participant 715,Wanita,03/04/2000,85000000715,Arts - Flag,Magelang,Yes,Yes,Yes,Yes,Yes,Yes,,,,
Participant 739,Participant 739,Pria,16/07/1994,85000000739,Arts - Flag,Bali,Yes,Yes,Yes,Yes,No,Yes,,,,
Participant 784,Participant 784,Pria,13/12/1998,85000000784,Arts - Flag,Yogyakarta,Yes,Yes,Yes,Yes,Yes,Yes,,,,
Participant 2,Participant 2,Wanita,13/11/1999,85000000002,Arts - Movement,Solo,No,No,No,Yes,Yes,No,,,,
Participant 94,Participant 94,Wanita,30/05/2000,85000000094,Arts - Movement,Solo,Yes,No,No,Yes,Yes,Yes,,,,
Participant 120,Participant 120,Wanita,16/06/1994,85000000120,Arts - Movement,Nias,Yes,Yes,Yes,Yes,Yes,Yes,,,,
participant 139,participant 139,Wanita,01/03/2004,85000000139,Arts - Movement,Solo,Yes,Yes,Yes,Yes,Yes,Yes,,,,
Participant 150,Participant 150,Wanita,19/07/2002,85000000150,Arts - Movement,Solo,Yes,Yes,Yes,Yes,Yes,Yes,,,,
Participant 151,Participant 151,Wanita,07/09/1999,85000000151,Arts - Movement,Solo,Yes,Yes,Yes,Yes,Yes,No,,,,
Participant 204,Participant 204,Wanita,07/08/2003,85000000204,Arts - Movement,Solo,Yes,Yes,Yes,Yes,Yes,Yes,,,,
Participant 222,Participant 222,Wanita,30/05/2000,85000000222,Arts - Movement,Solo,Yes,Yes,Yes,Yes,Yes,No,,,,
Participant 338,Participant 338,Wanita,03/05/2003,85000000338,Arts - Movement,Solo,Yes,Yes,Yes,Yes,Yes,Yes,,,,
Participant 425,Participant 425,Wanita,15/02/2004,85000000425,Arts - Movement,Yogyakarta,Yes,Yes,Yes,Yes,Yes,No,,,,
Participant 464,Participant 464,Wanita,25/01/1995,85000000464,Arts - Movement,Surabaya,Yes,Yes,Yes,Yes,Yes,Yes,,,,
Participant 478,Participant 478,Wanita,15/09/2000,85000000478,Arts - Movement,Bali,Yes,Yes,Yes,No,No,No,,,,
PARTICIPANT 553,PARTICIPANT 553,Wanita,10/03/2004,85000000553,Arts - Movement,Solo,Yes,No,Yes,Yes,Yes,Yes,,,,
Participant 559,Participant 559,Wanita,13/05/1997,85000000559,Arts - Movement,Bali,Yes,Yes,Yes,Yes,Yes,Yes,,,,
Participant 573,Participant 573,Pria,03/08/2004,85000000573,Arts - Movement,Bali,Yes,Yes,Yes,Yes,Yes,Yes,,,,
Participant 625,Participant 625,Wanita,21/05/1999,85000000625,Arts - Movement,Solo,No,Yes,Yes,Yes,Yes,Yes,,,,
Participant 767,Participant 767,Pria,21/04/2000,85000000767,Arts - Movement,Solo,No,Yes,Yes,Yes,No,Yes,,,,
Participant 781,Participant 781,Wanita,26/10/1999,85000000781,Arts - Movement,Solo,Yes,Yes,Yes,Yes,No,Yes,,,,
Participant 595,Participant 595,Pria,22/08/1998,85000000595,Arts - Movement,Yogyakarta,No,Yes,Yes,Yes,Yes,Yes,,,,
Participant 5,Participant 5,Wanita,29/05/1994,85000000005,Arts - Percussion,Solo,Yes,No,Yes,Yes,Yes,Yes,,,,
Participant 7,Participant 7,Wanita,10/04/2003,85000000007,Arts - Percussion,Solo,Yes,No,Yes,Yes,Yes,Yes,,,,
Participant 9,Participant 9,Wanita,13/09/2004,85000000009,Arts - Percussion,Solo,Yes,No,Yes,Yes,Yes,Yes,,,,
Participant 10,Participant 10,Wanita,06/08/2002,85000000010,Arts - Percussion,Solo,Yes,Yes,Yes,Yes,Yes,Yes,,,,
Participant 12,Participant 12,Wanita,27/11/2003,85000000012,Arts - Percussion,Solo,Yes,Yes,No,Yes,Yes,Yes,,,,
Participant 14,Participant 14,Wanita,22/10/2004,85000000014,Arts - Percussion,Jakarta,Yes,Yes,Yes,Yes,Yes,No,,,,
Participant 96,Participant 96,Wanita,11/01/2000,85000000096,Arts - Percussion,Jakarta,Yes,No,No,Yes,Yes,Yes,,,,
Participant 100,Participant 100,Wanita,30/04/1989,85000000100,Arts - Percussion,Solo,Yes,Yes,Yes,Yes,Yes,Yes,,,,
Participant 105,Participant 105,Wanita,20/01/1998,85000000105,Arts - Percussion,Ngawi,Yes,Yes,Yes,Yes,Yes,Yes,,,,
Participant 114,Participant 114,Wanita,01/03/1996,85000000114,Arts - Percussion,Solo,No,Yes,Yes,Yes,Yes,Yes,,,,
Participant 132,Participant 132,Wanita,11/02/1992,85000000132,Arts - Percussion,Solo,Yes,Yes,Yes,Yes,Yes,No,,,,
participant 155,participant 155,Wanita,13/10/1994,85000000155,Arts - Percussion,Jakarta,Yes,Yes,Yes,Yes,Yes,Yes,,,,
participant 161,participant 161,Wanita,23/12/1982,85000000161,Arts - Percussion,Madiun,Yes,Yes,Yes,Yes,Yes,Yes,,,,
Participant 169,Participant 169,Wanita,15/02/1981,85000000169,Arts - Percussion,Madiun,No,Yes,Yes,Yes,Yes,Yes,,,,
Participant 191,Participant 191,Wanita,14/04/1993,85000000191,Arts - Percussion,Yogyakarta,Yes,Yes,Yes,Yes,Yes,Yes,,,,
Participant 207,Participant 207,Wanita,13/05/2002,85000000207,Arts - Percussion,Yogyakarta,Yes,No,No,Yes,Yes,Yes,,,,
Participant 233,Participant 233,Wanita,05/09/1991,85000000233,Arts - Percussion,Tangerang,Yes,Yes,Yes,Yes,Yes,Yes,,,,
Participant 235,Participant 235,Wanita,05/04/2000,85000000235,Arts - Percussion,Yogyakarta,Yes,Yes,No,Yes,Yes,Yes,,,,
Participant 236,Participant 236,Wanita,22/05/1997,85000000236,Arts - Percussion,Yogyakarta,Yes,Yes,Yes,Yes,Yes,Yes,,,,
PARTICIPANT 239,PARTICIPANT 239,Wanita,10/12/2000,85000000239,Arts - Percussion,Nias,No,Yes,Yes,Yes,Yes,Yes,,,,
Participant 240,Participant 240,Wanita,02/07/1998,85000000240,Arts - Percussion,Jakarta,No,Yes,Yes,Yes,Yes,Yes,,,,
PARTICIPANT 245,PARTICIPANT 245,Wanita,09/08/2003,85000000245,Arts - Percussion,Nias,No,Yes,Yes,Yes,Yes,No,,,,
Participant 250,Participant 250,Wanita,17/06/2001,85000000250,Arts - Percussion,Samarinda,No,Yes,Yes,Yes,Yes,Yes,,,,
PARTICIPANT 313,PARTICIPANT 313,Wanita,01/03/2001,85000000313,Arts - Percussion,Solo,Yes,No,Yes,Yes,Yes,Yes,,,,
PARTICIPANT 352,PARTICIPANT 352,Wanita,09/07/1997,85000000352,Arts - Percussion,Boyolali,Yes,Yes,Yes,Yes,Yes,No,,,,
Participant 360,Participant 360,Wanita,08/04/1996,85000000360,Arts - Percussion,Jakarta,Yes,No,No,Yes,Yes,Yes,,,,
Participant 373,Participant 373,Wanita,15/05/1994,85000000373,Arts - Percussion,Solo,Yes,Yes,Yes,Yes,Yes,Yes,,,,
participant 376,participant 376,Wanita,09/10/1999,85000000376,Arts - Percussion,Sragen,Yes,Yes,Yes,Yes,Yes,Yes,,,,
Participant 377,Participant 377,Wanita,15/02/1995,85000000377,Arts - Percussion,Sragen,Yes,Yes,No,Yes,Yes,Yes,,,,
Participant 389,Participant 389,Wanita,27/06/1997,85000000389,Arts - Percussion,Boyolali,Yes,No,Yes,Yes,Yes,Yes,,,,
Participant 399,Participant 399,Wanita,18/03/1999,85000000399,Arts - Percussion,Bali,Yes,Yes,Yes,Yes,Yes,Yes,,,,
Participant 400,Participant 400,Wanita,02/07/1992,85000000400,Arts - Percussion,Jakarta,Yes,Yes,Yes,Yes,Yes,Yes,,,,
Participant 419,Participant 419,Wanita,24/04/2004,85000000419,Arts - Percussion,Solo,Yes,Yes,Yes,No,No,Yes,,,,
Participant 437,Participant 437,Wanita,28/09/1977,85000000437,Arts - Percussion,Bandung,Yes,Yes,Yes,Yes,Yes,Yes,,,,
Participant 472,Participant 472,Wanita,25/03/2002,85000000472,Arts - Percussion,Solo,No,Yes,Yes,Yes,Yes,Yes,,,,
Participant 486,Participant 486,Wanita,17/11/2000,85000000486,Arts - Percussion,Magelang,No,No,Yes,Yes,Yes,Yes,,,,
Participant 2516,Participant 2516,Wanita,21/04/2001,85000002516,Arts - Percussion,Yogyakarta,No,Yes,No,Yes,Yes,No,,,,
Participant 2530,Participant 2530,Wanita,17/11/1997,85000002530,Arts - Percussion,Yogyakarta,No,Yes,Yes,No,Yes,Yes,,,,
Participant 2531,Participant 2531,Wanita,23/08/1997,85000002531,Arts - Percussion,Yogyakarta,No,Yes,Yes,No,Yes,Yes,,,,
Participant 2537,Participant 2537,Wanita,25/07/1996,85000002537,Arts - Percussion,Yogyakarta,No,Yes,Yes,No,Yes,Yes,,,,
Participant 516,Participant 516,Wanita,18/02/2000,85000000516,Arts - Percussion,Solo,Yes,Yes,Yes,Yes,Yes,No,,,,
Participant 540,Participant 540,Wanita,07/04/2003,85000000540,Arts - Percussion,Yogyakarta,Yes,Yes,Yes,Yes,Yes,Yes,,,,
Participant 550,Participant 550,Wanita,21/06/1989,85000000550,Arts - Percussion,Madiun,Yes,Yes,Yes,No,No,Yes,,,,
Participant 569,Participant 569,Wanita,16/02/2004,85000000569,Arts - Percussion,Solo,Yes,Yes,Yes,Yes,Yes,Yes,,,,
Participant 590,Participant 590,Wanita,29/08/1995,85000000590,Arts - Percussion,Solo,No,Yes,Yes,Yes,Yes,Yes,,,,
Participant 608,Participant 608,Wanita,19/07/1996,85000000608,Arts - Percussion,Yogyakarta,Yes,Yes,Yes,No,No,Yes,,,,
Participant 609,Participant 609,Wanita,20/04/1993,85000000609,Arts - Percussion,Yogyakarta,Yes,No,Yes,Yes,Yes,Yes,,,,
Participant 617,Participant 617,Wanita,15/01/2003,85000000617,Arts - Percussion,Solo,Yes,Yes,Yes,Yes,Yes,No,,,,
Participant 622,Participant 622,Wanita,08/12/1995,85000000622,Arts - Percussion,Bali,No,Yes,Yes,Yes,Yes,Yes,,,,
Participant 623,Participant 623,Wanita,06/07/1999,85000000623,Arts - Percussion,Jakarta,Yes,Yes,No,No,Yes,No,,,,
Participant 626,Participant 626,Wanita,02/10/1996,85000000626,Arts - Percussion,Jakarta,Yes,Yes,Yes,Yes,Yes,No,,,,
Participant 632,Participant 632,Wanita,08/04/1987,85000000632,Arts - Percussion,Yogyakarta,Yes,Yes,Yes,Yes,Yes,Yes,,,,
Participant 663,Participant 663,Wanita,06/07/2002,85000000663,Arts - Percussion,Jakarta,Yes,Yes,Yes,No,Yes,Yes,,,,
Participant 681,Participant 681,Wanita,27/04/1999,85000000681,Arts - Percussion,Solo ,Yes,Yes,No,Yes,No,Yes,,,,
Participant 704,Participant 704,Wanita,19/01/2000,85000000704,Arts - Percussion,Yogyakarta,Yes,Yes,Yes,Yes,No,Yes,,,,
Participant 712,Participant 712,Wanita,13/05/2003,85000000712,Arts - Percussion,Yogyakarta,Yes,Yes,Yes,Yes,Yes,No,,,,
Participant 714,Participant 714,Wanita,12/10/2003,85000000714,Arts - Percussion,Yogyakarta,Yes,Yes,Yes,Yes,Yes,Yes,,,,
Participant 752,Participant 752,Wanita,07/09/2003,85000000752,Arts - Percussion,Solo,Yes,Yes,Yes,Yes,Yes,No,,,,
Participant 753,Participant 753,Wanita,03/05/1997,85000000753,Arts - Percussion,Solo,Yes,Yes,Yes,No,Yes,No,,,,
PARTICIPANT 764,PARTICIPANT 764,Wanita,15/07/2002,85000000764,Arts - Percussion,Jakarta,Yes,Yes,Yes,Yes,Yes,Yes,,,,
Participant 765,Participant 765,Wanita,12/11/1998,85000000765,Arts - Percussion,Solo,No,Yes,Yes,Yes,Yes,Yes,,,,
Participant 768,Participant 768,Wanita,17/04/2004,85000000768,Arts - Percussion,Wonogiri,Yes,Yes,Yes,Yes,Yes,No,,,,
Participant 780,Participant 780,Wanita,02/07/2002,85000000780,Arts - Percussion,Semarang,Yes,Yes,No,Yes,Yes,Yes,,,,
Participant 783,Participant 783,Wanita,11/03/2002,85000000783,Arts - Percussion,Semarang,Yes,Yes,Yes,Yes,Yes,Yes,,,,
Participant 814,Participant 814,Wanita,22/07/2000,85000000814,Arts - Percussion,Bali,Yes,No,Yes,Yes,Yes,Yes,,,,
Participant 815,Participant 815,Wanita,09/01/2002,85000000815,Arts - Percussion,Bali,Yes,Yes,Yes,No,Yes,Yes,,,,
Participant 819,Participant 819,Wanita,27/04/2000,85000000819,Arts - Percussion,Solo,Yes,Yes,No,Yes,Yes,Yes,,,,
Participant 838,Participant 838,Wanita,31/07/1999,85000000838,Arts - Percussion,Yogyakarta,Yes,Yes,No,Yes,Yes,No,,,,
Participant 851,Participant 851,Wanita,12/09/1998,85000000851,Arts - Percussion,Jakarta,Yes,Yes,Yes,Yes,Yes,Yes,,,,
Participant 4,Participant 4,Wanita,08/09/1994,85000000004,Arts - Percussion,Solo,Yes,No,No,Yes,Yes,Yes,,,,
Participant 50,Participant 50,Pria,09/06/1982,85000000050,Audio - Engineer,Ngawi,Yes,Yes,Yes,Yes,Yes,Yes,,,,
Participant 51,Participant 51,Pria,16/11/1997,85000000051,Audio - Engineer,Ngawi,Yes,Yes,Yes,Yes,Yes,Yes,,,,
Participant 113,Participant 113,Pria,08/06/1979,85000000113,Audio - Engineer,Ngawi,Yes,Yes,Yes,Yes,Yes,Yes,,,,
Participant 122,Participant 122,Pria,19/02/1975,85000000122,Audio - Engineer,Madiun,Yes,Yes,Yes,No,No,Yes,,,,
Participant 202,Participant 202,Pria,23/05/1975,85000000202,Audio - Engineer,Semarang,Yes,Yes,Yes,No,No,Yes,,,,
Participant 216,Participant 216,Pria,03/10/1982,85000000216,Audio - Engineer,Solo,Yes,Yes,Yes,No,No,Yes,,,,
Participant 243,Participant 243,Pria,10/09/1977,85000000243,Audio - Engineer,Jakarta,Yes,No,Yes,Yes,Yes,Yes,,,,
Participant 275,Participant 275,Pria,15/04/1988,85000000275,Audio - Engineer,Bandung,Yes,Yes,Yes,No,No,Yes,,,,
Participant 298,Participant 298,Pria,04/03/2004,85000000298,Audio - Engineer,Solo,No,Yes,Yes,Yes,Yes,No,,,,
Participant 299,Participant 299,Pria,26/06/1970,85000000299,Audio - Engineer,Samarinda,Yes,Yes,Yes,Yes,Yes,Yes,,,,
Participant 331,Participant 331,Pria,16/11/1998,85000000331,Audio - Engineer,Samarinda,Yes,Yes,No,No,No,Yes,,,,
Participant 420,Participant 420,Pria,13/04/1984,85000000420,Audio - Engineer,Solo,Yes,Yes,Yes,Yes,Yes,Yes,,,,
Participant 2513,Participant 2513,Pria,21/01/1982,85000002513,Audio - Engineer,Yogyakarta,Yes,Yes,Yes,Yes,Yes,Yes,,,,
Participant 2529,Participant 2529,Pria,06/02/1989,85000002529,Audio - Engineer,Yogyakarta,Yes,Yes,Yes,No,Yes,Yes,,,,
Participant 506,Participant 506,Pria,19/04/1981,85000000506,Audio - Engineer,Surabaya,Yes,Yes,Yes,No,No,Yes,,,,
Participant 575,Participant 575,Pria,18/11/1976,85000000575,Audio - Engineer,Bali,Yes,Yes,Yes,Yes,Yes,Yes,,,,
Participant 583,Participant 583,Pria,22/01/1992,85000000583,Audio - Engineer,Yogyakarta,Yes,Yes,Yes,No,No,Yes,,,,
Participant 607,Participant 607,Pria,31/03/2000,85000000607,Audio - Engineer,Bali,Yes,Yes,Yes,Yes,Yes,Yes,,,,
Participant 794,Participant 794,Pria,31/07/2002,85000000794,Audio - Engineer,Jakarta,Yes,Yes,Yes,No,No,Yes,,,,
Participant 828,Participant 828,Pria,17/06/1995,85000000828,Audio - Engineer,Bali,Yes,Yes,Yes,No,Yes,Yes,,,,
Participant 830,Participant 830,Wanita,22/01/1992,85000000830,Audio - Engineer,Solo,Yes,Yes,No,Yes,Yes,Yes,,,,
PARTICIPANT 831,PARTICIPANT 831,Pria,23/04/1985,85000000831,Audio - Engineer,Solo,No,Yes,Yes,Yes,Yes,Yes,,,,
Participant 835,Participant 835,Pria,30/07/1999,85000000835,Audio - Engineer,Bali,Yes,Yes,Yes,No,Yes,Yes,,,,
Participant 843,Participant 843,Pria,05/06/1966,85000000843,Audio - Engineer,Tangerang,Yes,Yes,No,No,Yes,No,,,,
Participant 194,Participant 194,Pria,16/03/1980,85000000194,Audio - Engineer,Nias,Yes,Yes,Yes,Yes,Yes,No,,,,
Participant 234,Participant 234,Pria,19/11/1998,85000000234,Audio - Engineer,Semarang,Yes,Yes,Yes,No,No,No,,,,
Participant 2533,Participant 2533,Pria,17/10/1989,85000002533,Audio - Engineer,Yogyakarta,Yes,Yes,Yes,Yes,Yes,Yes,,,,
Participant 21,Participant 21,Pria,15/05/1996,85000000021,Music - Bass,Yogyakarta,Yes,Yes,Yes,Yes,Yes,No,,,,
Participant 115,Participant 115,Pria,10/10/1994,85000000115,Music - Bass,Ngawi,Yes,Yes,Yes,Yes,Yes,Yes,,,,
Participant 217,Participant 217,Pria,05/03/1980,85000000217,Music - Bass,Solo,Yes,Yes,Yes,Yes,Yes,Yes,,,,
Participant 246,Participant 246,Pria,18/05/1994,85000000246,Music - Bass,Solo,Yes,No,Yes,Yes,Yes,Yes,,,,
Participant 248,Participant 248,Pria,18/03/1976,85000000248,Music - Bass,Tangerang,Yes,Yes,Yes,Yes,Yes,No,,,,
Participant 304,Participant 304,Pria,14/10/2000,85000000304,Music - Bass,Samarinda,Yes,Yes,No,Yes,Yes,No,,,,
Participant 306,Participant 306,Wanita,27/07/2004,85000000306,Music - Bass,Samarinda,No,Yes,No,Yes,Yes,Yes,,,,
Participant 315,Participant 315,Pria,25/05/2003,85000000315,Music - Bass,Samarinda,Yes,Yes,Yes,Yes,Yes,Yes,,,,
PARTICIPANT 332,PARTICIPANT 332,Pria,21/11/2004,85000000332,Music - Bass,Samarinda,Yes,Yes,No,Yes,Yes,No,,,,
Participant 362,Participant 362,Pria,25/10/1983,85000000362,Music - Bass,Bandung,Yes,Yes,Yes,Yes,Yes,Yes,,,,
Participant 374,Participant 374,Pria,19/02/1989,85000000374,Music - Bass,Boyolali,Yes,Yes,Yes,Yes,Yes,Yes,,,,
Participant 388,Participant 388,Pria,15/05/2004,85000000388,Music - Bass,Solo,Yes,No,No,Yes,Yes,Yes,,,,
Participant 395,Participant 395,Pria,13/07/1998,85000000395,Music - Bass,Boyolali,Yes,Yes,Yes,Yes,Yes,Yes,,,,
Participant 403,Participant 403,Pria,13/06/2001,85000000403,Music - Bass,Yogyakarta,Yes,Yes,Yes,No,No,Yes,,,,
Participant 418,Participant 418,Pria,09/09/2001,85000000418,Music - Bass,Bali,Yes,Yes,Yes,No,No,Yes,,,,
Participant 2517,Participant 2517,Pria,31/10/1988,85000002517,Music - Bass,Yogyakarta,Yes,Yes,No,No,Yes,Yes,,,,
PARTICIPANT 2526,PARTICIPANT 2526,Pria,07/07/1986,85000002526,Music - Bass,Yogyakarta,No,Yes,Yes,No,Yes,Yes,,,,
participant 2542,participant 2542,Pria,05/04/1983,85000002542,Music - Bass,Yogyakarta,Yes,Yes,Yes,Yes,Yes,Yes,,,,
Participant 2556,Participant 2556,Pria,07/02/1997,85000002556,Music - Bass,Yogyakarta,No,No,Yes,Yes,Yes,Yes,,,,
Participant 536,Participant 536,Pria,09/09/1996,85000000536,Music - Bass,Bali,No,Yes,Yes,No,No,Yes,,,,
Participant 568,Participant 568,Pria,04/12/1982,85000000568,Music - Bass,Solo,Yes,Yes,Yes,Yes,Yes,Yes,,,,
Participant 644,Participant 644,Pria,04/10/1983,85000000644,Music - Bass,Bali,Yes,Yes,Yes,Yes,Yes,Yes,,,,
Participant 658,Participant 658,Pria,07/02/1995,85000000658,Music - Bass,Bali,Yes,No,No,No,Yes,Yes,,,,
Participant 717,Participant 717,Pria,29/06/1989,85000000717,Music - Bass,Solo,Yes,No,Yes,Yes,No,No,,,,
Participant 785,Participant 785,Pria,23/11/1996,85000000785,Music - Bass,Jakarta,Yes,Yes,Yes,Yes,Yes,Yes,,,,
Participant 822,Participant 822,Pria,07/06/1989,85000000822,Music - Bass,Bali,Yes,Yes,Yes,Yes,Yes,Yes,,,,
Participant 22,Participant 22,Pria,02/02/2002,85000000022,Music - Bass,Yogyakarta,Yes,Yes,Yes,Yes,Yes,No,,,,
participant 2506,participant 2506,Pria,04/11/1991,85000002506,Music - Bass,Yogyakarta,No,Yes,Yes,No,Yes,Yes,,,,
Participant 23,Participant 23,Pria,17/06/1993,85000000023,Music - Drum,Tangerang,No,Yes,Yes,Yes,Yes,Yes,,,,
Participant 25,Participant 25,Pria,24/09/1998,85000000025,Music - Drum,Pekalongan,Yes,Yes,Yes,No,No,Yes,,,,
Participant 26,Participant 26,Pria,27/08/2002,85000000026,Music - Drum,Pekalongan,No,Yes,Yes,Yes,Yes,No,,,,
Participant 92,Participant 92,Pria,13/09/1993,85000000092,Music - Drum,Yogyakarta,Yes,Yes,Yes,Yes,Yes,Yes,,,,
PARTICIPANT 116,PARTICIPANT 116,Pria,24/09/2002,85000000116,Music - Drum,Nias,Yes,No,Yes,Yes,Yes,Yes,,,,
Participant 188,Participant 188,Pria,04/06/1994,85000000188,Music - Drum,Yogyakarta,Yes,Yes,Yes,Yes,Yes,Yes,,,,
Participant 231,Participant 231,Pria,23/08/1991,85000000231,Music - Drum,Tangerang,Yes,Yes,Yes,No,No,No,,,,
Participant 278,Participant 278,Pria,13/12/2001,85000000278,Music - Drum,Samarinda,No,Yes,Yes,No,No,Yes,,,,
Participant 296,Participant 296,Pria,05/01/1998,85000000296,Music - Drum,Solo,Yes,Yes,Yes,Yes,Yes,Yes,,,,
Participant 316,Participant 316,Pria,25/05/2003,85000000316,Music - Drum,Samarinda,Yes,Yes,No,Yes,Yes,Yes,,,,
Participant 348,Participant 348,Pria,05/03/1997,85000000348,Music - Drum,Semarang,Yes,Yes,Yes,Yes,Yes,Yes,,,,
Participant 363,Participant 363,Pria,18/10/1998,85000000363,Music - Drum,Yogyakarta,Yes,Yes,No,Yes,Yes,Yes,,,,
Participant 393,Participant 393,Pria,15/05/1992,85000000393,Music - Drum,Solo,No,No,No,Yes,Yes,Yes,,,,
Participant 411,Participant 411,Pria,23/07/2003,85000000411,Music - Drum,Wonogiri,No,Yes,Yes,Yes,Yes,No,,,,
Participant 426,Participant 426,Pria,26/10/1998,85000000426,Music - Drum,Solo,Yes,No,Yes,Yes,Yes,Yes,,,,
Participant 441,Participant 441,Pria,15/05/2003,85000000441,Music - Drum,Bali,No,Yes,Yes,Yes,Yes,Yes,,,,
Participant 450,Participant 450,Pria,26/04/1993,85000000450,Music - Drum,Solo,Yes,Yes,No,Yes,Yes,No,,,,
PARTICIPANT 485,PARTICIPANT 485,Pria,16/02/1976,85000000485,Music - Drum,Yogyakarta,Yes,Yes,Yes,No,No,Yes,,,,
Participant 493,Participant 493,Pria,10/01/2000,85000000493,Music - Drum,Yogyakarta,Yes,Yes,Yes,Yes,Yes,Yes,,,,
participant 498,participant 498,Pria,23/11/1996,85000000498,Music - Drum,Solo,Yes,No,Yes,Yes,Yes,Yes,,,,
Participant 500,Participant 500,Wanita,31/05/1995,85000000500,Music - Drum,Solo,Yes,Yes,Yes,Yes,Yes,Yes,,,,
Participant 2514,Participant 2514,Pria,26/02/1985,85000002514,Music - Drum,Yogyakarta,Yes,Yes,Yes,Yes,No,Yes,,,,
participant 2515,participant 2515,Pria,20/03/1986,85000002515,Music - Drum,Yogyakarta,Yes,Yes,Yes,Yes,Yes,Yes,,,,
Participant 2523,Participant 2523,Pria,20/04/2000,85000002523,Music - Drum,Yogyakarta,No,No,Yes,No,Yes,No,,,,
Participant 2524,Participant 2524,Wanita,15/04/1990,85000002524,Music - Drum,Yogyakarta,No,Yes,Yes,No,Yes,Yes,,,,
Participant 2528,Participant 2528,Pria,02/02/1992,85000002528,Music - Drum,Yogyakarta,No,Yes,Yes,No,Yes,No,,,,
Participant 2539,Participant 2539,Pria,27/01/1994,85000002539,Music - Drum,Yogyakarta,No,Yes,Yes,No,No,Yes,,,,
Participant 2545,Participant 2545,Pria,15/04/1992,85000002545,Music - Drum,Yogyakarta,Yes,Yes,Yes,Yes,No,Yes,,,,
participant 2546,participant 2546,Pria,09/12/1982,85000002546,Music - Drum,Yogyakarta,No,Yes,Yes,No,Yes,Yes,,,,
PARTICIPANT 2557,PARTICIPANT 2557,Pria,08/02/1995,85000002557,Music - Drum,Yogyakarta,No,Yes,Yes,No,Yes,No,,,,
Participant 524,Participant 524,Pria,02/09/1997,85000000524,Music - Drum,Bali,Yes,Yes,Yes,Yes,Yes,Yes,,,,
Participant 557,Participant 557,Pria,17/06/2002,85000000557,Music - Drum,Solo,No,Yes,Yes,Yes,Yes,Yes,,,,
Participant 560,Participant 560,Pria,17/01/2002,85000000560,Music - Drum,Yogyakarta,Yes,Yes,Yes,Yes,Yes,Yes,,,,
Participant 574,Participant 574,Pria,20/06/2000,85000000574,Music - Drum,Solo,Yes,No,Yes,Yes,Yes,Yes,,,,
Participant 577,Participant 577,Wanita,19/11/1994,85000000577,Music - Drum,Bali,Yes,Yes,Yes,Yes,Yes,Yes,,,,
Participant 582,Participant 582,Pria,04/03/1988,85000000582,Music - Drum,Solo,Yes,Yes,No,Yes,Yes,Yes,,,,
Participant 601,Participant 601,Pria,14/02/2000,85000000601,Music - Drum,Bali,Yes,Yes,Yes,Yes,Yes,No,,,,
Participant 635,Participant 635,Wanita,22/11/2001,85000000635,Music - Drum,Yogyakarta,Yes,Yes,Yes,Yes,Yes,Yes,,,,
Participant 642,Participant 642,Pria,10/02/1989,85000000642,Music - Drum,Yogyakarta,Yes,Yes,Yes,Yes,No,Yes,,,,
Participant 643,Participant 643,Pria,08/06/2004,85000000643,Music - Drum,Yogyakarta,Yes,Yes,Yes,Yes,Yes,Yes,,,,
Participant 652,Participant 652,Pria,30/06/1981,85000000652,Music - Drum,Jakarta,Yes,Yes,Yes,No,Yes,Yes,,,,
Participant 683,Participant 683,Pria,11/03/1995,85000000683,Music - Drum,Yogyakarta,Yes,Yes,No,Yes,Yes,No,,,,
Participant 724,Participant 724,Pria,16/01/2003,85000000724,Music - Drum,Bali,Yes,Yes,Yes,Yes,Yes,Yes,,,,
Participant 730,Participant 730,Pria,20/10/1995,85000000730,Music - Drum,Solo ,No,Yes,Yes,No,Yes,Yes,,,,
Participant 735,Participant 735,Pria,20/06/2000,85000000735,Music - Drum,Solo,Yes,Yes,Yes,Yes,Yes,Yes,,,,
Participant 749,Participant 749,Pria,13/10/1996,85000000749,Music - Drum,Solo,Yes,Yes,Yes,Yes,Yes,Yes,,,,
Participant 808,Participant 808,Wanita,03/10/2002,85000000808,Music - Drum,Solo,No,Yes,Yes,Yes,Yes,Yes,,,,
Participant 811,Participant 811,Pria,23/07/1998,85000000811,Music - Drum,Giribelah,No,No,No,Yes,No,No,,,,
Participant 816,Participant 816,Pria,28/03/1987,85000000816,Music - Drum,Bali,Yes,Yes,Yes,Yes,Yes,Yes,,,,
PARTICIPANT 864,PARTICIPANT 864,Pria,23/06/2004,85000000864,Music - Drum,Bali,Yes,Yes,Yes,Yes,No,Yes,,,,
Participant 24,Participant 24,Pria,07/06/1983,85000000024,Music - Drum,Jakarta,Yes,Yes,Yes,Yes,Yes,Yes,,,,
Participant 260,Participant 260,Pria,26/10/1998,85000000260,Music - Drum,Solo,Yes,Yes,Yes,Yes,Yes,Yes,,,,
Participant 27,Participant 27,Pria,05/11/2001,85000000027,Music - Drum,Pekalongan,Yes,Yes,Yes,Yes,Yes,Yes,,,,
Participant 604,Participant 604,Pria,23/06/1977,85000000604,Music - Drum,Solo,Yes,Yes,Yes,No,No,Yes,,,,
Participant 28,Participant 28,Wanita,22/12/1998,85000000028,Music - Guitar,Pekalongan,Yes,Yes,No,No,No,No,,,,
Participant 29,Participant 29,Pria,03/09/1993,85000000029,Music - Guitar,Solo ,Yes,Yes,No,Yes,Yes,No,,,,
Participant 32,Participant 32,Pria,16/04/2001,85000000032,Music - Guitar,Solo,Yes,Yes,Yes,Yes,Yes,Yes,,,,
Participant 33,Participant 33,Wanita,22/02/2002,85000000033,Music - Guitar,Solo,Yes,No,Yes,Yes,Yes,Yes,,,,
Participant 34,Participant 34,Wanita,31/03/1968,85000000034,Music - Guitar,Semarang,Yes,Yes,Yes,Yes,Yes,Yes,,,,
Participant 35,Participant 35,Pria,11/08/1981,85000000035,Music - Guitar,Solo,Yes,Yes,Yes,Yes,Yes,Yes,,,,
Participant 37,Participant 37,Pria,12/08/1999,85000000037,Music - Guitar,Solo,Yes,Yes,Yes,Yes,Yes,Yes,,,,
Participant 104,Participant 104,Pria,10/05/2000,85000000104,Music - Guitar,Wonogiri,No,Yes,Yes,Yes,Yes,Yes,,,,
Participant 112,Participant 112,Pria,05/06/1995,85000000112,Music - Guitar,Surabaya,Yes,No,Yes,Yes,Yes,Yes,,,,
Participant 119,Participant 119,Wanita,18/06/1990,85000000119,Music - Guitar,Nias,Yes,No,Yes,Yes,Yes,No,,,,
Participant 123,Participant 123,Pria,03/01/1993,85000000123,Music - Guitar,Jakarta,Yes,Yes,Yes,Yes,Yes,No,,,,
Participant 141,Participant 141,Pria,30/10/1994,85000000141,Music - Guitar,Solo,Yes,Yes,No,Yes,Yes,Yes,,,,
Participant 170,Participant 170,Pria,16/07/1990,85000000170,Music - Guitar,Madiun,No,Yes,Yes,No,No,Yes,,,,
Participant 190,Participant 190,Pria,06/03/1985,85000000190,Music - Guitar,Nias,Yes,Yes,Yes,Yes,Yes,No,,,,
Participant 208,Participant 208,Wanita,20/03/1996,85000000208,Music - Guitar,Pekalongan,Yes,Yes,Yes,Yes,Yes,Yes,,,,
Participant 241,Participant 241,Pria,10/06/1991,85000000241,Music - Guitar,Tangerang,Yes,Yes,No,No,No,Yes,,,,
Participant 267,Participant 267,Wanita,17/03/2000,85000000267,Music - Guitar,Madiun,Yes,Yes,Yes,Yes,Yes,No,,,,
Participant 280,Participant 280,Pria,16/01/1981,85000000280,Music - Guitar,Surabaya,Yes,Yes,Yes,Yes,Yes,Yes,,,,
Participant 312,Participant 312,Wanita,06/12/1972,85000000312,Music - Guitar,Boyolali,Yes,Yes,Yes,Yes,Yes,Yes,,,,
Participant 314,Participant 314,Pria,12/05/1997,85000000314,Music - Guitar,Solo,Yes,No,Yes,Yes,Yes,Yes,,,,
Participant 324,Participant 324,Pria,18/08/1997,85000000324,Music - Guitar,Samarinda,Yes,No,Yes,Yes,Yes,Yes,,,,
Participant 330,Participant 330,Pria,30/12/1985,85000000330,Music - Guitar,Solo,Yes,Yes,Yes,Yes,Yes,No,,,,
Participant 335,Participant 335,Pria,13/03/2004,85000000335,Music - Guitar,Samarinda,Yes,Yes,Yes,Yes,Yes,Yes,,,,
Participant 341,Participant 341,Pria,24/06/1960,85000000341,Music - Guitar,Solo,Yes,Yes,Yes,Yes,Yes,Yes,,,,
Participant 342,Participant 342,Pria,28/08/1988,85000000342,Music - Guitar,Solo,Yes,Yes,No,No,No,Yes,,,,
Participant 355,Participant 355,Pria,01/07/1995,85000000355,Music - Guitar,Jakarta,Yes,Yes,No,Yes,Yes,No,,,,
Participant 364,Participant 364,Pria,13/06/1982,85000000364,Music - Guitar,Solo,Yes,No,Yes,Yes,Yes,Yes,,,,
Participant 366,Participant 366,Wanita,06/07/2003,85000000366,Music - Guitar,Solo,No,Yes,Yes,Yes,Yes,Yes,,,,
Participant 391,Participant 391,Pria,19/06/2000,85000000391,Music - Guitar,Yogyakarta,Yes,No,Yes,Yes,Yes,Yes,,,,
Participant 392,Participant 392,Pria,20/05/2003,85000000392,Music - Guitar,Solo,Yes,Yes,Yes,Yes,Yes,Yes,,,,
Participant 424,Participant 424,Pria,31/10/2002,85000000424,Music - Guitar,Bali,Yes,Yes,Yes,Yes,Yes,Yes,,,,
Participant 431,Participant 431,Wanita,15/12/2000,85000000431,Music - Guitar,Jakarta,Yes,Yes,Yes,Yes,Yes,Yes,,,,
Participant 457,Participant 457,Pria,06/04/1998,85000000457,Music - Guitar,Solo,Yes,Yes,Yes,Yes,Yes,No,,,,
participant 480,participant 480,Pria,29/03/1987,85000000480,Music - Guitar,Jakarta,Yes,Yes,Yes,Yes,Yes,No,,,,
Participant 490,Participant 490,Pria,11/02/1999,85000000490,Music - Guitar,Solo,Yes,Yes,No,No,No,Yes,,,,
Participant 2527,Participant 2527,Pria,24/11/1988,85000002527,Music - Guitar,Yogyakarta,Yes,Yes,Yes,No,Yes,Yes,,,,
Participant 2534,Participant 2534,Pria,08/12/2000,85000002534,Music - Guitar,Yogyakarta,No,Yes,No,No,Yes,Yes,,,,
participant 2538,participant 2538,Pria,07/04/1990,85000002538,Music - Guitar,Yogyakarta,Yes,Yes,Yes,Yes,Yes,Yes,,,,
participant 2540,participant 2540,Pria,19/10/2000,85000002540,Music - Guitar,Yogyakarta,No,Yes,Yes,No,Yes,Yes,,,,
Participant 2552,Participant 2552,Pria,31/12/1982,85000002552,Music - Guitar,Yogyakarta,No,Yes,Yes,No,Yes,Yes,,,,
Participant 2558,Participant 2558,Pria,27/02/1996,85000002558,Music - Guitar,Yogyakarta,No,No,Yes,No,Yes,No,,,,
Participant 505,Participant 505,Pria,07/06/1998,85000000505,Music - Guitar,Solo,Yes,No,Yes,Yes,Yes,No,,,,
Participant 510,Participant 510,Pria,04/11/1991,85000000510,Music - Guitar,Jakarta,Yes,No,Yes,Yes,Yes,Yes,,,,
Participant 518,Participant 518,Pria,27/05/2002,85000000518,Music - Guitar,Solo,Yes,No,Yes,Yes,Yes,Yes,,,,
Participant 551,Participant 551,Pria,20/06/1997,85000000551,Music - Guitar,Yogyakarta,Yes,Yes,Yes,Yes,Yes,Yes,,,,
Participant 602,Participant 602,Pria,26/05/2003,85000000602,Music - Guitar,Solo,Yes,No,Yes,Yes,Yes,Yes,,,,
PARTICIPANT 619,PARTICIPANT 619,Pria,26/09/1990,85000000619,Music - Guitar,Jakarta,Yes,Yes,No,No,Yes,Yes,,,,
Participant 621,Participant 621,Pria,30/04/2000,85000000621,Music - Guitar,Yogyakarta,Yes,Yes,Yes,Yes,Yes,No,,,,
Participant 627,Participant 627,Pria,01/10/1997,85000000627,Music - Guitar,Solo,Yes,Yes,Yes,Yes,Yes,No,,,,
Participant 629,Participant 629,Pria,02/04/1999,85000000629,Music - Guitar,Bali,No,Yes,Yes,Yes,No,Yes,,,,
Participant 660,Participant 660,Wanita,06/10/1996,85000000660,Music - Guitar,Tangerang,Yes,Yes,Yes,Yes,No,Yes,,,,
Participant 668,Participant 668,Pria,11/12/2003,85000000668,Music - Guitar,Solo,Yes,Yes,Yes,Yes,Yes,Yes,,,,
Participant 697,Participant 697,Pria,03/01/1986,85000000697,Music - Guitar,Bali,Yes,Yes,Yes,Yes,Yes,Yes,,,,
Participant 701,Participant 701,Wanita,06/01/1998,85000000701,Music - Guitar,Purwokerto,No,Yes,Yes,Yes,Yes,Yes,,,,
Participant 702,Participant 702,Pria,01/05/1996,85000000702,Music - Guitar,Jakarta,Yes,Yes,Yes,Yes,Yes,Yes,,,,
Participant 706,Participant 706,Pria,27/11/1997,85000000706,Music - Guitar,Solo,Yes,Yes,No,Yes,Yes,Yes,,,,
Participant 793,Participant 793,Pria,04/03/2000,85000000793,Music - Guitar,Solo,Yes,Yes,No,Yes,Yes,Yes,,,,
Participant 810,Participant 810,Wanita,22/08/1978,85000000810,Music - Guitar,Jakarta,Yes,Yes,Yes,No,No,Yes,,,,
PARTICIPANT 852,PARTICIPANT 852,Pria,24/09/1992,85000000852,Music - Guitar,Bali,Yes,Yes,Yes,No,Yes,Yes,,,,
Participant 214,Participant 214,Pria,22/04/1984,85000000214,Music - Guitar,Nias,Yes,Yes,Yes,Yes,Yes,Yes,,,,
Participant 461,Participant 461,Pria,30/08/1988,85000000461,Music - Guitar,Jakarta,Yes,Yes,Yes,Yes,Yes,No,,,,
Participant 38,Participant 38,Pria,13/11/1996,85000000038,Music - Keyboard,Bandung,No,Yes,Yes,Yes,Yes,Yes,,,,
Participant 39,Participant 39,Pria,17/05/2002,85000000039,Music - Keyboard,Solo,Yes,Yes,Yes,No,No,Yes,,,,
participant 40,participant 40,Pria,01/07/1978,85000000040,Music - Keyboard,Semarang,Yes,Yes,Yes,Yes,Yes,Yes,,,,
Participant 41,Participant 41,Wanita,09/08/2000,85000000041,Music - Keyboard,Semarang,Yes,Yes,Yes,Yes,Yes,Yes,,,,
Participant 42,Participant 42,Pria,11/09/1999,85000000042,Music - Keyboard,Semarang,Yes,No,Yes,Yes,Yes,Yes,,,,
Participant 43,Participant 43,Wanita,10/05/1971,85000000043,Music - Keyboard,Jakarta,Yes,Yes,Yes,Yes,Yes,Yes,,,,
Participant 44,Participant 44,Wanita,27/06/1968,85000000044,Music - Keyboard,Solo,No,Yes,No,Yes,Yes,Yes,,,,
PARTICIPANT 45,PARTICIPANT 45,Pria,01/06/1972,85000000045,Music - Keyboard,Solo,No,Yes,Yes,Yes,Yes,Yes,,,,
Participant 46,Participant 46,Pria,07/06/1986,85000000046,Music - Keyboard,Solo,Yes,Yes,Yes,Yes,Yes,Yes,,,,
Participant 47,Participant 47,Wanita,15/11/2004,85000000047,Music - Keyboard,Madiun,Yes,Yes,Yes,Yes,Yes,Yes,,,,
Participant 48,Participant 48,Wanita,28/01/1998,85000000048,Music - Keyboard,Solo,Yes,Yes,Yes,Yes,Yes,Yes,,,,
Participant 93,Participant 93,Wanita,10/12/2002,85000000093,Music - Keyboard,Solo,Yes,Yes,Yes,No,No,Yes,,,,
Participant 109,Participant 109,Pria,12/01/1992,85000000109,Music - Keyboard,Ngawi,No,Yes,Yes,Yes,Yes,No,,,,
Participant 137,Participant 137,Pria,13/03/1995,85000000137,Music - Keyboard,Solo,No,Yes,Yes,Yes,Yes,Yes,,,,
Participant 163,Participant 163,Pria,19/07/1984,85000000163,Music - Keyboard,Madiun,Yes,Yes,Yes,Yes,Yes,Yes,,,,
Participant 197,Participant 197,Wanita,13/11/1984,85000000197,Music - Keyboard,Jakarta,Yes,Yes,Yes,Yes,Yes,No,,,,
Participant 198,Participant 198,Pria,17/04/1991,85000000198,Music - Keyboard,Nias,No,Yes,Yes,Yes,Yes,Yes,,,,
Participant 199,Participant 199,Pria,08/10/2000,85000000199,Music - Keyboard,Wonogiri,Yes,Yes,Yes,Yes,Yes,Yes,,,,
Participant 203,Participant 203,Pria,20/05/2002,85000000203,Music - Keyboard,Nias,Yes,No,Yes,Yes,Yes,Yes,,,,
Participant 221,Participant 221,Pria,05/10/1985,85000000221,Music - Keyboard,Solo,Yes,No,Yes,Yes,Yes,Yes,,,,
Participant 232,Participant 232,Pria,18/08/1996,85000000232,Music - Keyboard,Tangerang,Yes,Yes,No,Yes,Yes,No,,,,
Participant 271,Participant 271,Pria,12/11/1996,85000000271,Music - Keyboard,Wonosari,Yes,Yes,Yes,Yes,Yes,Yes,,,,
participant 276,participant 276,Pria,28/11/1993,85000000276,Music - Keyboard,Bandung,Yes,Yes,Yes,No,No,Yes,,,,
Participant 282,Participant 282,Pria,28/08/2004,85000000282,Music - Keyboard,Samarinda,Yes,Yes,No,Yes,Yes,Yes,,,,
Participant 283,Participant 283,Pria,23/06/2000,85000000283,Music - Keyboard,Bandung,Yes,Yes,Yes,No,No,Yes,,,,
Participant 294,Participant 294,Pria,09/02/2002,85000000294,Music - Keyboard,Samarinda,No,Yes,Yes,No,No,Yes,,,,
PARTICIPANT 307,PARTICIPANT 307,Wanita,20/05/2004,85000000307,Music - Keyboard,Samarinda,Yes,Yes,Yes,Yes,Yes,Yes,,,,
participant 323,participant 323,Wanita,01/08/1982,85000000323,Music - Keyboard,Solo ,Yes,Yes,Yes,Yes,Yes,Yes,,,,
Participant 345,Participant 345,Pria,16/08/2003,85000000345,Music - Keyboard,Boyolali,No,Yes,No,Yes,Yes,No,,,,
participant 349,participant 349,Wanita,29/02/1984,85000000349,Music - Keyboard,Solo,Yes,Yes,Yes,Yes,Yes,No,,,,
Participant 350,Participant 350,Pria,04/12/2004,85000000350,Music - Keyboard,Boyolali,Yes,Yes,No,Yes,Yes,Yes,,,,
Participant 365,Participant 365,Pria,30/06/1999,85000000365,Music - Keyboard,Yogyakarta,Yes,Yes,Yes,Yes,Yes,No,,,,
Participant 367,Participant 367,Pria,13/01/2000,85000000367,Music - Keyboard,Sragen,No,Yes,Yes,No,No,No,,,,
Participant 386,Participant 386,Wanita,28/01/1998,85000000386,Music - Keyboard,Solo,Yes,Yes,No,Yes,Yes,Yes,,,,
Participant 394,Participant 394,Pria,05/05/2004,85000000394,Music - Keyboard,Boyolali,Yes,Yes,Yes,Yes,Yes,Yes,,,,
Participant 398,Participant 398,Pria,19/06/1980,85000000398,Music - Keyboard,Jakarta,Yes,Yes,Yes,Yes,Yes,Yes,,,,
Participant 406,Participant 406,Wanita,11/03/1999,85000000406,Music - Keyboard,Bali,No,Yes,Yes,Yes,Yes,Yes,,,,
Participant 408,Participant 408,Pria,13/11/1996,85000000408,Music - Keyboard,Bandung,Yes,Yes,Yes,Yes,Yes,Yes,,,,
Participant 410,Participant 410,Pria,22/04/1992,85000000410,Music - Keyboard,Wonogiri,Yes,No,Yes,Yes,Yes,Yes,,,,
Participant 421,Participant 421,Pria,22/09/1988,85000000421,Music - Keyboard,Purwokerto,Yes,Yes,Yes,Yes,Yes,Yes,,,,
Participant 467,Participant 467,Wanita,22/12/2000,85000000467,Music - Keyboard,Bali,No,Yes,Yes,Yes,Yes,No,,,,
Participant 474,Participant 474,Pria,14/11/1998,85000000474,Music - Keyboard,Bali,Yes,Yes,Yes,Yes,Yes,Yes,,,,
Participant 494,Participant 494,Pria,30/03/1981,85000000494,Music - Keyboard,Solo,Yes,Yes,Yes,Yes,Yes,Yes,,,,
Participant 2512,Participant 2512,Pria,02/10/2002,85000002512,Music - Keyboard,Yogyakarta,Yes,Yes,Yes,Yes,Yes,Yes,,,,
Participant 2519,Participant 2519,Pria,03/08/1994,85000002519,Music - Keyboard,Yogyakarta,Yes,Yes,Yes,No,Yes,Yes,,,,
Participant 2536,Participant 2536,Pria,10/04/1997,85000002536,Music - Keyboard,Yogyakarta,Yes,Yes,No,No,Yes,Yes,,,,
Participant 2541,Participant 2541,Pria,20/08/1997,85000002541,Music - Keyboard,Yogyakarta,Yes,Yes,No,No,Yes,No,,,,
participant 2548,participant 2548,Pria,12/04/1993,85000002548,Music - Keyboard,Yogyakarta,No,No,Yes,No,Yes,Yes,,,,
Participant 2550,Participant 2550,Pria,13/10/1995,85000002550,Music - Keyboard,Yogyakarta,No,Yes,No,No,Yes,Yes,,,,
PARTICIPANT 547,PARTICIPANT 547,Pria,07/06/1997,85000000547,Music - Keyboard,Bali,Yes,Yes,No,Yes,Yes,Yes,,,,
Participant 565,Participant 565,Pria,27/05/1990,85000000565,Music - Keyboard,Jakarta,Yes,Yes,No,Yes,Yes,Yes,,,,
Participant 591,Participant 591,Pria,14/05/1999,85000000591,Music - Keyboard,Bali,Yes,Yes,Yes,Yes,Yes,Yes,,,,
PARTICIPANT 684,PARTICIPANT 684,Wanita,12/07/1965,85000000684,Music - Keyboard,Wonosari,Yes,Yes,Yes,Yes,Yes,Yes,,,,
Participant 745,Participant 745,Pria,11/05/2002,85000000745,Music - Keyboard,Jakarta,Yes,No,Yes,Yes,Yes,Yes,,,,
Participant 754,Participant 754,Pria,22/12/1997,85000000754,Music - Keyboard,Ngawi,Yes,Yes,Yes,Yes,Yes,Yes,,,,
Participant 757,Participant 757,Pria,09/01/2001,85000000757,Music - Keyboard,Yogyakarta,Yes,Yes,Yes,Yes,Yes,Yes,,,,
Participant 790,Participant 790,Wanita,07/10/1995,85000000790,Music - Keyboard,Bali,Yes,Yes,Yes,Yes,Yes,Yes,,,,
Participant 791,Participant 791,Wanita,29/04/2001,85000000791,Music - Keyboard,Bali,No,Yes,No,Yes,Yes,Yes,,,,
Participant 798,Participant 798,Wanita,28/05/1988,85000000798,Music - Keyboard,Jakarta,Yes,Yes,Yes,Yes,Yes,Yes,,,,
Participant 818,Participant 818,Wanita,28/04/1990,85000000818,Music - Keyboard,Bali,Yes,Yes,No,Yes,Yes,Yes,,,,
Participant 820,Participant 820,Pria,20/03/2002,85000000820,Music - Keyboard,Bali,Yes,Yes,Yes,Yes,Yes,Yes,,,,
Participant 861,Participant 861,Wanita,13/02/1989,85000000861,Music - Keyboard,Nias,No,No,No,Yes,Yes,No,,,,
Participant 866,Participant 866,Pria,07/01/1993,85000000866,Music - Keyboard,Jakarta,Yes,Yes,Yes,No,Yes,Yes,,,,
PARTICIPANT 2485,PARTICIPANT 2485,Wanita,06/08/1997,85000002485,Music - Keyboard,Yogyakarta,No,Yes,No,No,Yes,No,,,,
PARTICIPANT 462,PARTICIPANT 462,Pria,06/12/2003,85000000462,Music - Keyboard,Bali,No,Yes,Yes,Yes,Yes,Yes,,,,
PARTICIPANT 15,PARTICIPANT 15,Wanita,26/04/1972,85000000015,Visual - Makeup,Solo,Yes,No,Yes,Yes,Yes,Yes,,,,
Participant 16,Participant 16,Wanita,18/06/1992,85000000016,Visual - Makeup,Solo,Yes,Yes,No,Yes,Yes,Yes,,,,
Participant 17,Participant 17,Wanita,02/10/1995,85000000017,Visual - Makeup,Solo,Yes,Yes,Yes,Yes,Yes,Yes,,,,
Participant 18,Participant 18,Wanita,16/12/1981,85000000018,Visual - Makeup,Solo,No,No,Yes,No,No,Yes,,,,
Participant 19,Participant 19,Wanita,02/07/1977,85000000019,Visual - Makeup,Jakarta,Yes,Yes,Yes,Yes,Yes,Yes,,,,
Participant 97,Participant 97,Wanita,01/12/1989,85000000097,Visual - Makeup,Solo,Yes,Yes,Yes,Yes,Yes,Yes,,,,
Participant 98,Participant 98,Wanita,15/10/1998,85000000098,Visual - Makeup,Solo,Yes,Yes,No,No,No,Yes,,,,
Participant 99,Participant 99,Wanita,30/10/1985,85000000099,Visual - Makeup,Solo,Yes,Yes,Yes,No,No,No,,,,
Participant 101,Participant 101,Wanita,02/06/1997,85000000101,Visual - Makeup,Solo,Yes,Yes,No,Yes,Yes,Yes,,,,
Participant 125,Participant 125,Wanita,15/04/1994,85000000125,Visual - Makeup,Yogyakarta,Yes,Yes,Yes,No,No,Yes,,,,
Participant 128,Participant 128,Wanita,18/11/2001,85000000128,Visual - Makeup,Solo,Yes,No,Yes,Yes,Yes,Yes,,,,
Participant 133,Participant 133,Wanita,01/09/1996,85000000133,Visual - Makeup,Jakarta,Yes,Yes,Yes,Yes,Yes,Yes,,,,
Participant 157,Participant 157,Wanita,26/11/1999,85000000157,Visual - Makeup,Madiun,Yes,No,Yes,Yes,Yes,Yes,,,,
Participant 175,Participant 175,Wanita,20/11/1959,85000000175,Visual - Makeup,Solo,Yes,No,Yes,Yes,Yes,Yes,,,,
Participant 186,Participant 186,Wanita,08/07/2002,85000000186,Visual - Makeup,Nias,Yes,Yes,Yes,Yes,Yes,No,,,,
Participant 187,Participant 187,Wanita,06/03/1999,85000000187,Visual - Makeup,Nias,Yes,Yes,Yes,Yes,Yes,Yes,,,,
Participant 220,Participant 220,Wanita,02/09/1979,85000000220,Visual - Makeup,Jakarta,Yes,Yes,Yes,Yes,Yes,No,,,,
Participant 223,Participant 223,Wanita,13/06/1967,85000000223,Visual - Makeup,Wonosari,Yes,No,No,No,No,Yes,,,,
PARTICIPANT 289,PARTICIPANT 289,Wanita,28/12/1974,85000000289,Visual - Makeup,Madiun,Yes,Yes,Yes,Yes,Yes,Yes,,,,
Participant 303,Participant 303,Wanita,08/04/1998,85000000303,Visual - Makeup,Samarinda,Yes,No,Yes,Yes,Yes,Yes,,,,
Participant 327,Participant 327,Wanita,17/05/1995,85000000327,Visual - Makeup,Yogyakarta,Yes,Yes,Yes,Yes,Yes,Yes,,,,
Participant 328,Participant 328,Wanita,30/11/2001,85000000328,Visual - Makeup,Sragen,Yes,Yes,Yes,Yes,Yes,No,,,,
Participant 329,Participant 329,Wanita,20/04/1984,85000000329,Visual - Makeup,Solo ,Yes,Yes,Yes,Yes,Yes,Yes,,,,
Participant 340,Participant 340,Wanita,20/02/1983,85000000340,Visual - Makeup,Samarinda,Yes,Yes,Yes,Yes,Yes,No,,,,
Participant 347,Participant 347,Wanita,12/06/1973,85000000347,Visual - Makeup,Solo,Yes,No,Yes,Yes,Yes,Yes,,,,
Participant 351,Participant 351,Wanita,19/04/2001,85000000351,Visual - Makeup,Solo,Yes,Yes,Yes,Yes,Yes,No,,,,
Participant 423,Participant 423,Wanita,19/02/1996,85000000423,Visual - Makeup,Solo,Yes,Yes,No,Yes,Yes,Yes,,,,
Participant 429,Participant 429,Wanita,29/07/1966,85000000429,Visual - Makeup,Surabaya,Yes,Yes,No,Yes,Yes,Yes,,,,
Participant 434,Participant 434,Wanita,13/12/1976,85000000434,Visual - Makeup,Solo,Yes,No,No,Yes,Yes,No,,,,
Participant 436,Participant 436,Wanita,13/07/2003,85000000436,Visual - Makeup,Bali,Yes,Yes,No,Yes,Yes,No,,,,
Participant 453,Participant 453,Wanita,28/12/1997,85000000453,Visual - Makeup,Solo,Yes,Yes,Yes,Yes,Yes,Yes,,,,
Participant 455,Participant 455,Wanita,14/08/1967,85000000455,Visual - Makeup,Solo,No,Yes,Yes,Yes,Yes,No,,,,
Participant 471,Participant 471,Wanita,27/12/1992,85000000471,Visual - Makeup,Tangerang,Yes,Yes,Yes,Yes,Yes,Yes,,,,
Participant 477,Participant 477,Wanita,17/10/2002,85000000477,Visual - Makeup,Sragen,Yes,No,No,No,No,Yes,,,,
Participant 483,Participant 483,Wanita,20/08/1984,85000000483,Visual - Makeup,Magelang,Yes,Yes,Yes,Yes,Yes,Yes,,,,
Participant 504,Participant 504,Wanita,24/04/1982,85000000504,Visual - Makeup,Nias,No,Yes,Yes,Yes,Yes,Yes,,,,
Participant 507,Participant 507,Wanita,08/03/1995,85000000507,Visual - Makeup,Magelang,No,No,No,No,No,Yes,,,,
Participant 513,Participant 513,Wanita,16/10/2001,85000000513,Visual - Makeup,Bali,Yes,Yes,Yes,Yes,Yes,No,,,,
Participant 522,Participant 522,Wanita,25/08/1998,85000000522,Visual - Makeup,Yogyakarta,Yes,Yes,Yes,Yes,Yes,Yes,,,,
Participant 561,Participant 561,Wanita,10/12/1977,85000000561,Visual - Makeup,Bali,Yes,Yes,Yes,Yes,Yes,Yes,,,,
Participant 571,Participant 571,Wanita,20/08/1978,85000000571,Visual - Makeup,Bali,Yes,Yes,Yes,Yes,Yes,Yes,,,,
Participant 586,Participant 586,Wanita,17/08/1976,85000000586,Visual - Makeup,Semarang,No,Yes,Yes,Yes,Yes,Yes,,,,
Participant 596,Participant 596,Wanita,16/09/1997,85000000596,Visual - Makeup,Solo,Yes,Yes,Yes,Yes,Yes,Yes,,,,
Participant 600,Participant 600,Wanita,15/12/1996,85000000600,Visual - Makeup,Yogyakarta,Yes,Yes,Yes,Yes,Yes,Yes,,,,
Participant 612,Participant 612,Wanita,06/05/1979,85000000612,Visual - Makeup,Bali,Yes,Yes,Yes,Yes,Yes,No,,,,
Participant 624,Participant 624,Wanita,25/03/1974,85000000624,Visual - Makeup,Bali,No,Yes,Yes,No,Yes,No,,,,
Participant 653,Participant 653,Wanita,26/06/1995,85000000653,Visual - Makeup,Yogyakarta,Yes,Yes,No,Yes,Yes,Yes,,,,
Participant 656,Participant 656,Wanita,24/03/1984,85000000656,Visual - Makeup,Solo,Yes,Yes,Yes,Yes,Yes,Yes,,,,
Participant 673,Participant 673,Wanita,18/04/1992,85000000673,Visual - Makeup,Bali,Yes,Yes,Yes,Yes,No,No,,,,
Participant 708,Participant 708,Wanita,23/01/1970,85000000708,Visual - Makeup,Magelang,Yes,Yes,No,Yes,Yes,Yes,,,,
Participant 709,Participant 709,Wanita,30/10/1994,85000000709,Visual - Makeup,Solo,Yes,Yes,Yes,Yes,Yes,Yes,,,,
Participant 719,Participant 719,Wanita,28/03/1965,85000000719,Visual - Makeup,Samarinda,Yes,Yes,Yes,Yes,Yes,Yes,,,,
Participant 732,Participant 732,Wanita,02/10/1976,85000000732,Visual - Makeup,Jakarta,Yes,Yes,Yes,Yes,Yes,Yes,,,,
Participant 748,Participant 748,Wanita,02/06/1999,85000000748,Visual - Makeup,Bali,Yes,Yes,Yes,Yes,Yes,No,,,,
Participant 766,Participant 766,Wanita,12/04/1980,85000000766,Visual - Makeup,Jakarta,No,Yes,Yes,Yes,No,No,,,,
Participant 775,Participant 775,Wanita,30/04/1997,85000000775,Visual - Makeup,Bali,Yes,Yes,No,Yes,No,Yes,,,,
Participant 797,Participant 797,Wanita,27/03/1994,85000000797,Visual - Makeup,Bali,Yes,Yes,Yes,Yes,Yes,Yes,,,,
Participant 803,Participant 803,Wanita,30/03/1981,85000000803,Visual - Makeup,Bali,Yes,Yes,Yes,Yes,No,Yes,,,,
Participant 840,Participant 840,Wanita,03/04/1982,85000000840,Visual - Makeup,Salatiga,Yes,Yes,Yes,Yes,Yes,No,,,,
Participant 52,Participant 52,Wanita,14/08/1983,85000000052,Vocal - Lead,Ngawi,Yes,No,Yes,Yes,Yes,No,,,,
Participant 53,Participant 53,Wanita,13/01/1998,85000000053,Vocal - Lead,Ngawi,Yes,Yes,Yes,Yes,Yes,Yes,,,,
Participant 142,Participant 142,Wanita,18/06/1987,85000000142,Vocal - Lead,Madiun,Yes,Yes,Yes,Yes,Yes,Yes,,,,
Participant 158,Participant 158,Wanita,23/03/1980,85000000158,Vocal - Lead,Solo,Yes,Yes,Yes,Yes,Yes,Yes,,,,
Participant 185,Participant 185,Wanita,23/04/1989,85000000185,Vocal - Lead,Solo,Yes,No,No,No,No,Yes,,,,
Participant 218,Participant 218,Wanita,13/06/1978,85000000218,Vocal - Lead,Jakarta,Yes,Yes,Yes,Yes,Yes,Yes,,,,
Participant 244,Participant 244,Wanita,21/03/1987,85000000244,Vocal - Lead,Solo,Yes,Yes,Yes,Yes,Yes,No,,,,
Participant 253,Participant 253,Wanita,22/10/1983,85000000253,Vocal - Lead,Pekalongan,Yes,Yes,Yes,Yes,Yes,Yes,,,,
Participant 255,Participant 255,Wanita,29/08/1988,85000000255,Vocal - Lead,Pekalongan,No,No,No,No,No,Yes,,,,
Participant 261,Participant 261,Wanita,07/11/1986,85000000261,Vocal - Lead,Semarang,Yes,Yes,Yes,Yes,Yes,No,,,,
Participant 270,Participant 270,Wanita,22/08/1979,85000000270,Vocal - Lead,Solo,Yes,Yes,Yes,Yes,Yes,Yes,,,,
Participant 273,Participant 273,Wanita,20/08/1994,85000000273,Vocal - Lead,Surabaya,No,Yes,Yes,Yes,Yes,Yes,,,,
Participant 288,Participant 288,Wanita,03/09/1976,85000000288,Vocal - Lead,Yogyakarta,Yes,Yes,Yes,Yes,Yes,Yes,,,,
Participant 309,Participant 309,Pria,20/06/1995,85000000309,Vocal - Lead,Samarinda,Yes,Yes,Yes,Yes,Yes,Yes,,,,
participant 319,participant 319,Wanita,20/10/1976,85000000319,Vocal - Lead,Solo,No,Yes,Yes,Yes,Yes,Yes,,,,
Participant 333,Participant 333,Wanita,07/01/1968,85000000333,Vocal - Lead,Samarinda,Yes,Yes,Yes,Yes,Yes,Yes,,,,
Participant 356,Participant 356,Wanita,04/02/1976,85000000356,Vocal - Lead,Boyolali,Yes,Yes,Yes,Yes,Yes,No,,,,
Participant 130,Participant 130,Wanita,30/09/1976,85000000130,Vocal - Lead,Madiun,Yes,Yes,Yes,Yes,Yes,Yes,,,,
Participant 452,Participant 452,Wanita,28/05/1991,85000000452,Vocal - Lead,Solo,Yes,No,Yes,No,No,Yes,,,,
Participant 456,Participant 456,Pria,11/01/1998,85000000456,Vocal - Lead,Jakarta,Yes,No,No,Yes,Yes,Yes,,,,
Participant 476,Participant 476,Wanita,29/11/1970,85000000476,Vocal - Lead,Surabaya,Yes,Yes,Yes,Yes,Yes,Yes,,,,
Participant 503,Participant 503,Pria,02/05/1993,85000000503,Vocal - Lead,Jakarta,Yes,Yes,Yes,Yes,Yes,Yes,,,,
Participant 514,Participant 514,Wanita,12/09/1973,85000000514,Vocal - Lead,Solo,Yes,Yes,Yes,Yes,Yes,No,,,,
Participant 515,Participant 515,Wanita,09/09/2003,85000000515,Vocal - Lead,Solo,Yes,Yes,No,Yes,Yes,Yes,,,,
Participant 529,Participant 529,Wanita,25/03/1998,85000000529,Vocal - Lead,Bali,Yes,Yes,Yes,Yes,Yes,Yes,,,,
Participant 548,Participant 548,Wanita,06/05/1975,85000000548,Vocal - Lead,Solo,Yes,Yes,Yes,Yes,Yes,Yes,,,,
Participant 563,Participant 563,Wanita,26/11/1998,85000000563,Vocal - Lead,Yogyakarta,Yes,Yes,Yes,No,No,Yes,,,,
Participant 636,Participant 636,Wanita,31/03/1986,85000000636,Vocal - Lead,Yogyakarta,Yes,Yes,Yes,No,Yes,Yes,,,,
Participant 650,Participant 650,Wanita,15/02/2004,85000000650,Vocal - Lead,Surabaya,Yes,Yes,Yes,No,Yes,Yes,,,,
Participant 669,Participant 669,Wanita,27/12/1988,85000000669,Vocal - Lead,Jakarta,Yes,Yes,No,Yes,Yes,Yes,,,,
Participant 692,Participant 692,Wanita,15/03/2003,85000000692,Vocal - Lead,Surabaya,Yes,Yes,Yes,Yes,No,Yes,,,,
Participant 694,Participant 694,Wanita,17/01/1999,85000000694,Vocal - Lead,Surabaya,Yes,Yes,No,No,Yes,No,,,,
Participant 799,Participant 799,Wanita,04/07/1999,85000000799,Vocal - Lead,Bali,Yes,Yes,No,No,No,Yes,,,,
Participant 833,Participant 833,Wanita,29/01/1998,85000000833,Vocal - Lead,Jakarta,Yes,Yes,Yes,Yes,Yes,No,,,,
Participant 54,Participant 54,Wanita,22/08/1995,85000000054,Vocal - Choir,Solo,Yes,Yes,Yes,Yes,Yes,Yes,,,,
Participant 55,Participant 55,Wanita,05/02/1998,85000000055,Vocal - Choir,Solo,Yes,Yes,Yes,No,No,No,,,,
Participant 56,Participant 56,Wanita,18/06/2001,85000000056,Vocal - Choir,Solo,Yes,Yes,Yes,Yes,Yes,No,,,,
Participant 57,Participant 57,Wanita,08/08/2001,85000000057,Vocal - Choir,Solo,Yes,Yes,Yes,Yes,Yes,Yes,,,,
Participant 58,Participant 58,Wanita,16/10/2002,85000000058,Vocal - Choir,Solo,Yes,No,Yes,Yes,Yes,Yes,,,,
Participant 126,Participant 126,Wanita,19/07/1971,85000000126,Vocal - Choir,Nias,Yes,Yes,Yes,Yes,Yes,Yes,,,,
Participant 129,Participant 129,Wanita,03/06/1974,85000000129,Vocal - Choir,Nias,No,Yes,Yes,Yes,Yes,No,,,,
Participant 182,Participant 182,Wanita,12/10/1977,85000000182,Vocal - Choir,Nias,Yes,Yes,No,No,No,Yes,,,,
Participant 189,Participant 189,Wanita,16/07/1976,85000000189,Vocal - Choir,Nias,Yes,Yes,Yes,Yes,Yes,Yes,,,,
Participant 195,Participant 195,Wanita,04/10/1966,85000000195,Vocal - Choir,Nias,Yes,Yes,Yes,No,No,Yes,,,,
Participant 209,Participant 209,Pria,05/07/1987,85000000209,Vocal - Choir,Solo,Yes,No,Yes,Yes,Yes,Yes,,,,
Participant 213,Participant 213,Wanita,16/03/2004,85000000213,Vocal - Choir,Solo,No,Yes,Yes,Yes,Yes,Yes,,,,
Participant 300,Participant 300,Pria,19/10/1971,85000000300,Vocal - Choir,Samarinda,Yes,No,Yes,No,No,Yes,,,,
Participant 301,Participant 301,Wanita,14/02/1974,85000000301,Vocal - Choir,Samarinda,Yes,Yes,Yes,No,No,Yes,,,,
Participant 320,Participant 320,Wanita,31/05/1980,85000000320,Vocal - Choir,Samarinda,Yes,Yes,Yes,Yes,Yes,Yes,,,,
Participant 416,Participant 416,Wanita,06/09/1974,85000000416,Vocal - Choir,Jakarta,Yes,Yes,No,Yes,Yes,Yes,,,,
Participant 501,Participant 501,Wanita,12/09/1982,85000000501,Vocal - Choir,Madiun,Yes,Yes,No,Yes,Yes,Yes,,,,
Participant 2554,Participant 2554,Wanita,01/05/1969,85000002554,Vocal - Choir,Yogyakarta,Yes,No,Yes,Yes,Yes,Yes,,,,
Participant 512,Participant 512,Wanita,22/12/2000,85000000512,Vocal - Choir,Solo,No,Yes,Yes,Yes,Yes,Yes,,,,
Participant 517,Participant 517,Wanita,19/02/2004,85000000517,Vocal - Choir,Solo,Yes,No,Yes,Yes,Yes,No,,,,
Participant 521,Participant 521,Pria,24/06/1975,85000000521,Vocal - Choir,Solo,Yes,No,No,Yes,Yes,Yes,,,,
Participant 556,Participant 556,Wanita,06/05/1997,85000000556,Vocal - Choir,Solo,Yes,Yes,Yes,No,No,Yes,,,,
Participant 584,Participant 584,Wanita,14/02/1990,85000000584,Vocal - Choir,Solo,No,No,Yes,Yes,Yes,Yes,,,,
Participant 603,Participant 603,Wanita,08/01/2004,85000000603,Vocal - Choir,Solo,Yes,Yes,No,Yes,Yes,No,,,,
Participant 628,Participant 628,Wanita,12/09/1998,85000000628,Vocal - Choir,Solo,Yes,No,Yes,Yes,Yes,Yes,,,,
Participant 146,Participant 146,Wanita,03/11/2000,85000000146,Vocal - Choir,Solo,Yes,Yes,Yes,Yes,Yes,No,,,,
Participant 760,Participant 760,Wanita,14/09/2000,85000000760,Vocal - Choir,Solo,Yes,Yes,No,No,Yes,Yes,,,,
Participant 778,Participant 778,Wanita,02/11/2002,85000000778,Vocal - Choir,Yogyakarta,Yes,Yes,Yes,Yes,No,Yes,,,,
Participant 804,Participant 804,Pria,16/07/1994,85000000804,Vocal - Choir,Bali,Yes,Yes,Yes,Yes,Yes,Yes,,,,
Participant 834,Participant 834,Wanita,14/08/2001,85000000834,Vocal - Choir,Bali,Yes,Yes,Yes,Yes,No,Yes,,,,
Participant 59,Participant 59,Pria,08/01/1993,85000000059,Vocal - Singer,Ngawi,Yes,No,No,Yes,Yes,Yes,,,,
Participant 60,Participant 60,Pria,10/03/1985,85000000060,Vocal - Singer,Solo,Yes,No,Yes,No,No,Yes,,,,
Participant 61,Participant 61,Pria,22/05/2002,85000000061,Vocal - Singer,Yogyakarta,No,Yes,Yes,Yes,Yes,Yes,,,,
Participant 62,Participant 62,Pria,28/07/1992,85000000062,Vocal - Singer,Solo,No,Yes,No,Yes,Yes,Yes,,,,
Participant 63,Participant 63,Wanita,20/01/1975,85000000063,Vocal - Singer,Yogyakarta,No,Yes,Yes,Yes,Yes,Yes,,,,
Participant 65,Participant 65,Wanita,04/10/1998,85000000065,Vocal - Singer,Solo ,No,No,Yes,Yes,Yes,Yes,,,,
Participant 64,Participant 64,Wanita,06/09/2002,85000000064,Vocal - Singer,Solo ,Yes,Yes,Yes,Yes,Yes,Yes,,,,
PARTICIPANT 66,PARTICIPANT 66,Wanita,06/02/1997,85000000066,Vocal - Singer,Solo ,No,Yes,Yes,Yes,Yes,No,,,,
Participant 67,Participant 67,Wanita,29/08/1995,85000000067,Vocal - Singer,Solo,Yes,Yes,Yes,Yes,Yes,Yes,,,,
Participant 69,Participant 69,Pria,04/06/1996,85000000069,Vocal - Singer,Solo,Yes,Yes,Yes,Yes,Yes,No,,,,
Participant 70,Participant 70,Wanita,19/09/1994,85000000070,Vocal - Singer,Jakarta,Yes,Yes,Yes,Yes,Yes,Yes,,,,
Participant 71,Participant 71,Wanita,09/11/1999,85000000071,Vocal - Singer,Semarang,Yes,Yes,Yes,Yes,Yes,No,,,,
Participant 72,Participant 72,Pria,14/01/1995,85000000072,Vocal - Singer,Jakarta,Yes,Yes,Yes,Yes,Yes,Yes,,,,
Participant 73,Participant 73,Wanita,13/03/1995,85000000073,Vocal - Singer,Bandung,Yes,Yes,Yes,No,No,Yes,,,,
Participant 74,Participant 74,Wanita,08/08/1991,85000000074,Vocal - Singer,Solo,No,Yes,Yes,No,No,Yes,,,,
Participant 75,Participant 75,Wanita,19/05/1998,85000000075,Vocal - Singer,Solo,Yes,No,Yes,No,No,No,,,,
PARTICIPANT 76,PARTICIPANT 76,Wanita,31/03/1995,85000000076,Vocal - Singer,Yogyakarta,Yes,Yes,No,Yes,Yes,Yes,,,,
Participant 78,Participant 78,Wanita,24/10/1976,85000000078,Vocal - Singer,Jakarta,Yes,Yes,Yes,No,No,Yes,,,,
Participant 80,Participant 80,Wanita,15/01/1996,85000000080,Vocal - Singer,Solo,Yes,Yes,Yes,No,No,Yes,,,,
Participant 81,Participant 81,Wanita,04/10/1996,85000000081,Vocal - Singer,Yogyakarta,No,Yes,Yes,Yes,Yes,Yes,,,,
Participant 83,Participant 83,Wanita,07/03/1995,85000000083,Vocal - Singer,Yogyakarta,Yes,Yes,Yes,Yes,Yes,Yes,,,,
Participant 84,Participant 84,Wanita,24/12/1994,85000000084,Vocal - Singer,Surabaya,No,Yes,Yes,No,No,Yes,,,,
participant 85,participant 85,Wanita,10/03/1990,85000000085,Vocal - Singer,Nias,No,Yes,No,No,No,Yes,,,,
Participant 88,Participant 88,Pria,30/01/1986,85000000088,Vocal - Singer,Solo,Yes,Yes,Yes,No,No,Yes,,,,
Participant 90,Participant 90,Wanita,04/04/1999,85000000090,Vocal - Singer,Ngawi,Yes,Yes,Yes,Yes,Yes,Yes,,,,
PARTICIPANT 91,PARTICIPANT 91,Pria,18/04/2000,85000000091,Vocal - Singer,Yogyakarta,Yes,Yes,Yes,Yes,Yes,Yes,,,,
Participant 95,Participant 95,Wanita,27/12/1999,85000000095,Vocal - Singer,Jakarta,Yes,No,Yes,Yes,Yes,Yes,,,,
Participant 107,Participant 107,Pria,25/03/1982,85000000107,Vocal - Singer,Solo,Yes,Yes,Yes,Yes,Yes,No,,,,
Participant 108,Participant 108,Wanita,24/08/1999,85000000108,Vocal - Singer,Solo,Yes,Yes,Yes,Yes,Yes,Yes,,,,
Participant 110,Participant 110,Wanita,08/07/1999,85000000110,Vocal - Singer,Solo ,Yes,Yes,Yes,Yes,Yes,Yes,,,,
Participant 111,Participant 111,Wanita,13/11/1993,85000000111,Vocal - Singer,Ngawi,No,Yes,Yes,Yes,Yes,No,,,,
Participant 117,Participant 117,Pria,08/07/1999,85000000117,Vocal - Singer,Yogyakarta,Yes,No,Yes,Yes,Yes,No,,,,
Participant 121,Participant 121,Wanita,26/01/2000,85000000121,Vocal - Singer,Nias,Yes,Yes,Yes,No,No,Yes,,,,
Participant 124,Participant 124,Wanita,27/12/1988,85000000124,Vocal - Singer,Jakarta,Yes,No,Yes,Yes,Yes,Yes,,,,
Participant 127,Participant 127,Pria,27/09/1997,85000000127,Vocal - Singer,Yogyakarta,Yes,Yes,Yes,Yes,Yes,No,,,,
Participant 134,Participant 134,Wanita,30/12/1981,85000000134,Vocal - Singer,Nias,Yes,No,No,Yes,Yes,No,,,,
Participant 135,Participant 135,Wanita,18/03/1996,85000000135,Vocal - Singer,Yogyakarta,Yes,No,Yes,Yes,Yes,No,,,,
Participant 140,Participant 140,Wanita,27/10/1999,85000000140,Vocal - Singer,Solo,Yes,Yes,Yes,No,No,Yes,,,,
Participant 147,Participant 147,Wanita,02/03/1984,85000000147,Vocal - Singer,Yogyakarta,Yes,Yes,Yes,Yes,Yes,Yes,,,,
Participant 149,Participant 149,Pria,23/04/1995,85000000149,Vocal - Singer,Solo,Yes,Yes,No,Yes,Yes,No,,,,
Participant 154,Participant 154,Wanita,12/03/1996,85000000154,Vocal - Singer,Solo,Yes,No,Yes,Yes,Yes,Yes,,,,
Participant 159,Participant 159,Wanita,02/12/1970,85000000159,Vocal - Singer,Madiun,Yes,Yes,Yes,Yes,Yes,Yes,,,,
Participant 160,Participant 160,Wanita,05/07/1980,85000000160,Vocal - Singer,Madiun,No,No,Yes,Yes,Yes,Yes,,,,
Participant 164,Participant 164,Wanita,29/11/1976,85000000164,Vocal - Singer,Madiun,Yes,Yes,No,Yes,Yes,Yes,,,,
Participant 165,Participant 165,Wanita,07/08/1984,85000000165,Vocal - Singer,Madiun,Yes,Yes,Yes,No,No,Yes,,,,
Participant 166,Participant 166,Wanita,01/03/1988,85000000166,Vocal - Singer,Madiun,Yes,Yes,Yes,Yes,Yes,Yes,,,,
Participant 167,Participant 167,Wanita,01/03/1988,85000000167,Vocal - Singer,Madiun,Yes,Yes,Yes,Yes,Yes,Yes,,,,
Participant 168,Participant 168,Wanita,12/06/1999,85000000168,Vocal - Singer,Yogyakarta,Yes,Yes,Yes,Yes,Yes,Yes,,,,
Participant 172,Participant 172,Wanita,22/09/1994,85000000172,Vocal - Singer,Yogyakarta,Yes,Yes,Yes,Yes,Yes,Yes,,,,
Participant 177,Participant 177,Wanita,05/09/2000,85000000177,Vocal - Singer,Solo,Yes,Yes,No,Yes,Yes,Yes,,,,
Participant 179,Participant 179,Pria,04/07/2001,85000000179,Vocal - Singer,Solo,Yes,Yes,Yes,Yes,Yes,Yes,,,,
Participant 180,Participant 180,Pria,02/10/2000,85000000180,Vocal - Singer,Solo,Yes,Yes,Yes,No,No,Yes,,,,
Participant 181,Participant 181,Pria,31/01/1998,85000000181,Vocal - Singer,Solo,Yes,Yes,Yes,No,No,Yes,,,,
participant 184,participant 184,Wanita,20/10/1993,85000000184,Vocal - Singer,Jakarta,Yes,Yes,Yes,Yes,Yes,Yes,,,,
Participant 192,Participant 192,Wanita,05/08/1994,85000000192,Vocal - Singer,Jakarta,No,No,Yes,Yes,Yes,No,,,,
Participant 193,Participant 193,Wanita,01/11/1998,85000000193,Vocal - Singer,Bandung,Yes,No,Yes,Yes,Yes,Yes,,,,
Participant 196,Participant 196,Wanita,06/08/1996,85000000196,Vocal - Singer,Solo,Yes,Yes,No,Yes,Yes,Yes,,,,
participant 200,participant 200,Wanita,02/12/1998,85000000200,Vocal - Singer,Nias,Yes,Yes,Yes,Yes,Yes,Yes,,,,
Participant 206,Participant 206,Pria,21/11/2001,85000000206,Vocal - Singer,Yogyakarta,Yes,No,Yes,Yes,Yes,Yes,,,,
participant 211,participant 211,Wanita,01/05/1964,85000000211,Vocal - Singer,Nias,Yes,Yes,No,Yes,Yes,Yes,,,,
Participant 212,Participant 212,Pria,14/05/1993,85000000212,Vocal - Singer,Solo,Yes,Yes,Yes,Yes,Yes,No,,,,
Participant 224,Participant 224,Wanita,18/01/1992,85000000224,Vocal - Singer,Purwokerto,Yes,Yes,No,Yes,Yes,No,,,,
Participant 225,Participant 225,Wanita,31/10/1980,85000000225,Vocal - Singer,Surabaya,Yes,Yes,Yes,Yes,Yes,Yes,,,,
Participant 226,Participant 226,Pria,13/10/1998,85000000226,Vocal - Singer,Purwokerto,Yes,Yes,No,Yes,Yes,Yes,,,,
Participant 227,Participant 227,Wanita,03/11/1999,85000000227,Vocal - Singer,Tangerang,Yes,Yes,Yes,Yes,Yes,Yes,,,,
Participant 229,Participant 229,Wanita,10/03/1995,85000000229,Vocal - Singer,Tangerang,Yes,Yes,No,Yes,Yes,Yes,,,,
Participant 230,Participant 230,Wanita,07/12/1999,85000000230,Vocal - Singer,Tangerang,Yes,Yes,Yes,Yes,Yes,Yes,,,,
Participant 237,Participant 237,Wanita,26/05/1996,85000000237,Vocal - Singer,Pekalongan,Yes,Yes,No,Yes,Yes,No,,,,
PARTICIPANT 242,PARTICIPANT 242,Wanita,30/06/1998,85000000242,Vocal - Singer,Solo,Yes,Yes,Yes,Yes,Yes,No,,,,
Participant 247,Participant 247,Wanita,03/11/2002,85000000247,Vocal - Singer,Wonogiri,Yes,Yes,No,Yes,Yes,No,,,,
PARTICIPANT 249,PARTICIPANT 249,Wanita,23/02/1971,85000000249,Vocal - Singer,Wonogiri,Yes,Yes,Yes,Yes,Yes,Yes,,,,
Participant 254,Participant 254,Wanita,30/09/1974,85000000254,Vocal - Singer,Pekalongan,Yes,Yes,Yes,Yes,Yes,Yes,,,,
PARTICIPANT 257,PARTICIPANT 257,Pria,16/04/1976,85000000257,Vocal - Singer,Jakarta,No,No,Yes,Yes,Yes,Yes,,,,
Participant 258,Participant 258,Wanita,14/05/1995,85000000258,Vocal - Singer,Solo,Yes,Yes,Yes,Yes,Yes,Yes,,,,
Participant 262,Participant 262,Wanita,18/05/1998,85000000262,Vocal - Singer,Yogyakarta,Yes,Yes,Yes,Yes,Yes,Yes,,,,
Participant 269,Participant 269,Wanita,14/09/1993,85000000269,Vocal - Singer,Bandung,Yes,Yes,Yes,Yes,Yes,Yes,,,,
Participant 272,Participant 272,Wanita,04/06/1985,85000000272,Vocal - Singer,Solo,No,Yes,Yes,No,No,Yes,,,,
Participant 274,Participant 274,Pria,13/05/2000,85000000274,Vocal - Singer,Bandung,Yes,No,Yes,Yes,Yes,Yes,,,,
Participant 279,Participant 279,Pria,29/11/1989,85000000279,Vocal - Singer,Tangerang,No,Yes,Yes,Yes,Yes,Yes,,,,
Participant 287,Participant 287,Wanita,11/11/1977,85000000287,Vocal - Singer,Solo,Yes,No,Yes,Yes,Yes,Yes,,,,
Participant 290,Participant 290,Wanita,17/08/2002,85000000290,Vocal - Singer,Solo,Yes,No,Yes,Yes,Yes,Yes,,,,
Participant 291,Participant 291,Pria,27/02/1994,85000000291,Vocal - Singer,Solo ,Yes,Yes,Yes,Yes,Yes,Yes,,,,
Participant 292,Participant 292,Wanita,07/06/1986,85000000292,Vocal - Singer,Bandung,Yes,Yes,Yes,Yes,Yes,Yes,,,,
Participant 293,Participant 293,Pria,02/03/2002,85000000293,Vocal - Singer,Bandung,Yes,Yes,Yes,Yes,Yes,Yes,,,,
Participant 295,Participant 295,Wanita,10/10/1993,85000000295,Vocal - Singer,Solo,No,No,Yes,Yes,Yes,Yes,,,,
Participant 302,Participant 302,Wanita,28/09/1993,85000000302,Vocal - Singer,Samarinda,Yes,Yes,Yes,Yes,Yes,No,,,,
Participant 305,Participant 305,Wanita,20/01/2004,85000000305,Vocal - Singer,Samarinda,Yes,Yes,Yes,Yes,Yes,Yes,,,,
PARTICIPANT 308,PARTICIPANT 308,Wanita,29/01/1997,85000000308,Vocal - Singer,Samarinda,Yes,Yes,Yes,Yes,Yes,No,,,,
Participant 311,Participant 311,Wanita,09/08/1996,85000000311,Vocal - Singer,Samarinda,Yes,Yes,Yes,Yes,Yes,Yes,,,,
Participant 317,Participant 317,Wanita,01/06/1991,85000000317,Vocal - Singer,Samarinda,No,Yes,Yes,Yes,Yes,Yes,,,,
Participant 318,Participant 318,Wanita,06/09/1990,85000000318,Vocal - Singer,Samarinda,Yes,Yes,No,Yes,Yes,Yes,,,,
Participant 322,Participant 322,Wanita,26/03/1996,85000000322,Vocal - Singer,Samarinda,Yes,Yes,Yes,Yes,Yes,No,,,,
Participant 326,Participant 326,Pria,13/02/1975,85000000326,Vocal - Singer,Solo,Yes,Yes,No,Yes,Yes,Yes,,,,
Participant 336,Participant 336,Pria,12/10/1981,85000000336,Vocal - Singer,Solo,Yes,Yes,Yes,Yes,Yes,Yes,,,,
Participant 337,Participant 337,Wanita,21/11/1994,85000000337,Vocal - Singer,Samarinda,No,No,No,Yes,Yes,Yes,,,,
Participant 339,Participant 339,Pria,18/01/1998,85000000339,Vocal - Singer,Solo,Yes,Yes,No,Yes,Yes,No,,,,
Participant 343,Participant 343,Wanita,04/07/1997,85000000343,Vocal - Singer,Yogyakarta,No,Yes,Yes,Yes,Yes,Yes,,,,
PARTICIPANT 346,PARTICIPANT 346,Wanita,18/12/1999,85000000346,Vocal - Singer,Solo,Yes,Yes,Yes,Yes,Yes,Yes,,,,
Participant 354,Participant 354,Pria,08/07/1985,85000000354,Vocal - Singer,Jakarta,Yes,No,Yes,Yes,Yes,Yes,,,,
Participant 357,Participant 357,Wanita,24/02/1982,85000000357,Vocal - Singer,Madiun,No,No,Yes,Yes,Yes,Yes,,,,
Participant 358,Participant 358,Pria,27/10/1983,85000000358,Vocal - Singer,Boyolali,Yes,Yes,Yes,Yes,Yes,Yes,,,,
Participant 359,Participant 359,Wanita,14/12/1989,85000000359,Vocal - Singer,Boyolali,Yes,No,Yes,No,No,Yes,,,,
Participant 371,Participant 371,Wanita,02/01/1989,85000000371,Vocal - Singer,Solo ,Yes,Yes,No,Yes,Yes,Yes,,,,
Participant 375,Participant 375,Wanita,30/01/1998,85000000375,Vocal - Singer,Sragen,Yes,Yes,Yes,No,No,Yes,,,,
Participant 378,Participant 378,Wanita,08/08/2001,85000000378,Vocal - Singer,Solo,Yes,Yes,No,Yes,Yes,Yes,,,,
Participant 379,Participant 379,Wanita,21/10/1976,85000000379,Vocal - Singer,Solo,Yes,Yes,Yes,Yes,Yes,Yes,,,,
Participant 380,Participant 380,Wanita,25/03/2003,85000000380,Vocal - Singer,Solo,Yes,Yes,Yes,No,No,Yes,,,,
Participant 383,Participant 383,Wanita,27/03/1982,85000000383,Vocal - Singer,Wonogiri,Yes,No,Yes,Yes,Yes,Yes,,,,
Participant 385,Participant 385,Pria,26/07/1996,85000000385,Vocal - Singer,Solo,Yes,Yes,Yes,Yes,Yes,Yes,,,,
PARTICIPANT 387,PARTICIPANT 387,Wanita,15/12/1978,85000000387,Vocal - Singer,Solo,Yes,Yes,Yes,Yes,Yes,Yes,,,,
Participant 401,Participant 401,Pria,18/07/1993,85000000401,Vocal - Singer,Bali,Yes,Yes,Yes,Yes,Yes,No,,,,
Participant 402,Participant 402,Pria,30/08/1996,85000000402,Vocal - Singer,Jakarta,No,Yes,Yes,Yes,Yes,Yes,,,,
Participant 404,Participant 404,Wanita,27/12/1988,85000000404,Vocal - Singer,Jakarta,Yes,Yes,Yes,Yes,Yes,Yes,,,,
Participant 405,Participant 405,Wanita,30/06/1980,85000000405,Vocal - Singer,Jakarta,Yes,Yes,Yes,No,No,No,,,,
Participant 407,Participant 407,Pria,21/03/1996,85000000407,Vocal - Singer,Yogyakarta,Yes,Yes,No,No,No,No,,,,
Participant 409,Participant 409,Wanita,02/01/1964,85000000409,Vocal - Singer,Tangerang,Yes,No,Yes,No,No,Yes,,,,
Participant 414,Participant 414,Pria,14/11/1980,85000000414,Vocal - Singer,Jakarta,Yes,Yes,Yes,Yes,Yes,Yes,,,,
Participant 415,Participant 415,Pria,05/11/1996,85000000415,Vocal - Singer,Solo,Yes,Yes,Yes,Yes,Yes,Yes,,,,
Participant 417,Participant 417,Pria,17/10/1982,85000000417,Vocal - Singer,Jakarta,Yes,Yes,Yes,Yes,Yes,Yes,,,,
Participant 422,Participant 422,Wanita,05/11/1992,85000000422,Vocal - Singer,Solo,No,Yes,Yes,Yes,Yes,Yes,,,,
Participant 430,Participant 430,Wanita,09/04/1978,85000000430,Vocal - Singer,Solo,Yes,Yes,Yes,No,No,Yes,,,,
Participant 432,Participant 432,Wanita,28/02/1978,85000000432,Vocal - Singer,Jakarta,Yes,Yes,Yes,Yes,Yes,No,,,,
Participant 433,Participant 433,Pria,20/08/1997,85000000433,Vocal - Singer,Solo,Yes,Yes,Yes,Yes,Yes,Yes,,,,
Participant 435,Participant 435,Pria,13/10/2000,85000000435,Vocal - Singer,Jakarta,Yes,No,No,Yes,Yes,Yes,,,,
Participant 438,Participant 438,Pria,20/08/1997,85000000438,Vocal - Singer,Solo,Yes,Yes,Yes,Yes,Yes,Yes,,,,
Participant 439,Participant 439,"Wanita, Pria",14/10/1975,85000000439,Vocal - Singer,Jakarta,Yes,Yes,Yes,Yes,Yes,Yes,,,,
Participant 444,Participant 444,Wanita,23/04/2001,85000000444,Vocal - Singer,Solo,Yes,Yes,Yes,Yes,Yes,Yes,,,,
Participant 445,Participant 445,Wanita,03/11/1978,85000000445,Vocal - Singer,Yogyakarta,Yes,No,Yes,Yes,Yes,No,,,,
Participant 446,Participant 446,Pria,16/02/1979,85000000446,Vocal - Singer,Yogyakarta,Yes,No,Yes,Yes,Yes,No,,,,
Participant 447,Participant 447,Wanita,28/10/1997,85000000447,Vocal - Singer,Yogyakarta,Yes,Yes,Yes,Yes,Yes,Yes,,,,
PARTICIPANT 448,PARTICIPANT 448,Wanita,02/09/1989,85000000448,Vocal - Singer,Bali,No,Yes,Yes,Yes,Yes,Yes,,,,
Participant 449,Participant 449,Wanita,28/07/1985,85000000449,Vocal - Singer,Solo,No,Yes,Yes,Yes,Yes,Yes,,,,
Participant 463,Participant 463,Wanita,25/05/1975,85000000463,Vocal - Singer,Madiun,Yes,No,Yes,Yes,Yes,No,,,,
Participant 470,Participant 470,Wanita,02/07/1977,85000000470,Vocal - Singer,Jakarta,Yes,Yes,Yes,Yes,Yes,Yes,,,,
Participant 475,Participant 475,Wanita,05/10/2004,85000000475,Vocal - Singer,Yogyakarta,Yes,Yes,Yes,Yes,Yes,Yes,,,,
Participant 479,Participant 479,Pria,06/10/1998,85000000479,Vocal - Singer,Solo,Yes,Yes,Yes,Yes,Yes,Yes,,,,
participant 481,participant 481,Wanita,11/09/1989,85000000481,Vocal - Singer,Jakarta,Yes,No,Yes,Yes,Yes,Yes,,,,
Participant 484,Participant 484,Wanita,04/03/1985,85000000484,Vocal - Singer,Samarinda,Yes,Yes,Yes,No,No,Yes,,,,
Participant 489,Participant 489,Wanita,03/07/1993,85000000489,Vocal - Singer,Surabaya,No,Yes,Yes,Yes,Yes,Yes,,,,
Participant 491,Participant 491,Wanita,30/12/2002,85000000491,Vocal - Singer,Bali,Yes,Yes,Yes,Yes,Yes,Yes,,,,
Participant 496,Participant 496,Wanita,14/11/1982,85000000496,Vocal - Singer,Baturetno,Yes,Yes,Yes,Yes,Yes,Yes,,,,
Participant 2520,Participant 2520,Wanita,26/02/1998,85000002520,Vocal - Singer,Yogyakarta,Yes,Yes,Yes,No,Yes,Yes,,,,
Participant 2521,Participant 2521,Wanita,14/11/1989,85000002521,Vocal - Singer,Yogyakarta,Yes,Yes,No,Yes,Yes,No,,,,
Participant 2522,Participant 2522,Wanita,07/04/1997,85000002522,Vocal - Singer,Yogyakarta,Yes,No,Yes,No,Yes,Yes,,,,
Participant 2532,Participant 2532,Pria,24/05/1989,85000002532,Vocal - Singer,Yogyakarta,Yes,Yes,Yes,Yes,No,Yes,,,,
Participant 2535,Participant 2535,Pria,24/08/1992,85000002535,Vocal - Singer,Yogyakarta,Yes,Yes,No,No,Yes,Yes,,,,
Participant 2543,Participant 2543,Pria,30/03/1996,85000002543,Vocal - Singer,Yogyakarta,Yes,Yes,No,No,Yes,Yes,,,,
Participant 2547,Participant 2547,Pria,23/01/1995,85000002547,Vocal - Singer,Yogyakarta,Yes,No,Yes,No,Yes,No,,,,
Participant 2549,Participant 2549,Wanita,07/11/1994,85000002549,Vocal - Singer,Yogyakarta,Yes,Yes,Yes,No,Yes,No,,,,
Participant 2551,Participant 2551,Pria,29/06/1988,85000002551,Vocal - Singer,Yogyakarta,No,Yes,No,No,No,No,,,,
participant 2553,participant 2553,Pria,05/01/1993,85000002553,Vocal - Singer,Yogyakarta,Yes,No,No,Yes,No,Yes,,,,
Participant 2555,Participant 2555,Pria,02/02/1993,85000002555,Vocal - Singer,Yogyakarta,No,Yes,Yes,No,No,Yes,,,,
Participant 511,Participant 511,Wanita,20/08/1984,85000000511,Vocal - Singer,Wonogiri,Yes,Yes,Yes,Yes,Yes,No,,,,
Participant 525,Participant 525,Wanita,07/01/1998,85000000525,Vocal - Singer,Jakarta,Yes,Yes,Yes,Yes,Yes,Yes,,,,
PARTICIPANT 526,PARTICIPANT 526,Pria,03/09/1978,85000000526,Vocal - Singer,Solo,Yes,Yes,Yes,Yes,Yes,Yes,,,,
Participant 528,Participant 528,Wanita,21/10/1976,85000000528,Vocal - Singer,Solo,No,Yes,Yes,Yes,Yes,No,,,,
Participant 530,Participant 530,Wanita,05/05/1999,85000000530,Vocal - Singer,Solo,Yes,Yes,Yes,No,No,No,,,,
Participant 537,Participant 537,Wanita,06/05/1979,85000000537,Vocal - Singer,Jakarta,Yes,Yes,Yes,Yes,Yes,Yes,,,,
Participant 538,Participant 538,Wanita,18/05/2002,85000000538,Vocal - Singer,Solo,No,Yes,Yes,Yes,Yes,Yes,,,,
Participant 539,Participant 539,Wanita,22/02/1999,85000000539,Vocal - Singer,Solo,Yes,Yes,Yes,Yes,Yes,Yes,,,,
Participant 541,Participant 541,Wanita,14/05/2003,85000000541,Vocal - Singer,Solo,Yes,Yes,Yes,Yes,Yes,Yes,,,,
PARTICIPANT 542,PARTICIPANT 542,Wanita,20/12/2004,85000000542,Vocal - Singer,Solo,No,No,No,No,No,Yes,,,,
Participant 544,Participant 544,Wanita,02/07/1997,85000000544,Vocal - Singer,Solo,Yes,No,No,Yes,Yes,Yes,,,,
Participant 546,Participant 546,Pria,29/05/1997,85000000546,Vocal - Singer,Jakarta,Yes,Yes,Yes,Yes,Yes,Yes,,,,
Participant 549,Participant 549,Wanita,28/04/1998,85000000549,Vocal - Singer,Bali,Yes,Yes,Yes,Yes,Yes,Yes,,,,
Participant 562,Participant 562,Wanita,29/03/1977,85000000562,Vocal - Singer,Jakarta,Yes,Yes,Yes,Yes,Yes,Yes,,,,
Participant 566,Participant 566,Wanita,16/02/1971,85000000566,Vocal - Singer,Jakarta,Yes,Yes,Yes,Yes,Yes,No,,,,
Participant 567,Participant 567,Wanita,17/04/2000,85000000567,Vocal - Singer,Yogyakarta,Yes,Yes,Yes,Yes,Yes,Yes,,,,
Participant 570,Participant 570,Wanita,17/06/1989,85000000570,Vocal - Singer,Bali,Yes,Yes,Yes,No,No,No,,,,
Participant 572,Participant 572,Wanita,17/06/1991,85000000572,Vocal - Singer,Solo,Yes,Yes,Yes,Yes,Yes,No,,,,
PARTICIPANT 576,PARTICIPANT 576,Wanita,13/02/1994,85000000576,Vocal - Singer,Solo,Yes,Yes,Yes,Yes,Yes,No,,,,
Participant 578,Participant 578,Wanita,15/10/1984,85000000578,Vocal - Singer,Jakarta,Yes,Yes,Yes,Yes,Yes,Yes,,,,
Participant 579,Participant 579,Wanita,13/07/1998,85000000579,Vocal - Singer,Tangerang,No,Yes,Yes,No,No,Yes,,,,
Participant 580,Participant 580,Wanita,05/05/2004,85000000580,Vocal - Singer,Solo,Yes,Yes,Yes,Yes,Yes,Yes,,,,
Participant 588,Participant 588,Wanita,13/02/2001,85000000588,Vocal - Singer,Yogyakarta,Yes,Yes,Yes,Yes,Yes,Yes,,,,
Participant 593,Participant 593,Wanita,05/07/1993,85000000593,Vocal - Singer,Bali,Yes,Yes,No,Yes,Yes,Yes,,,,
Participant 597,Participant 597,Pria,13/04/1998,85000000597,Vocal - Singer,Tangerang,Yes,Yes,No,No,No,Yes,,,,
Participant 598,Participant 598,Wanita,05/12/1981,85000000598,Vocal - Singer,Bali,Yes,Yes,Yes,No,No,Yes,,,,
Participant 599,Participant 599,Wanita,03/04/1978,85000000599,Vocal - Singer,Bali,Yes,Yes,No,Yes,Yes,No,,,,
Participant 606,Participant 606,Wanita,01/06/1993,85000000606,Vocal - Singer,Bali,No,No,Yes,Yes,Yes,Yes,,,,
Participant 610,Participant 610,Pria,30/10/1994,85000000610,Vocal - Singer,Jakarta,Yes,Yes,Yes,Yes,Yes,Yes,,,,
Participant 611,Participant 611,Wanita,23/01/2000,85000000611,Vocal - Singer,Jakarta,Yes,Yes,Yes,Yes,Yes,No,,,,
Participant 613,Participant 613,Pria,09/03/1999,85000000613,Vocal - Singer,Bali,Yes,Yes,Yes,Yes,No,Yes,,,,
Participant 615,Participant 615,Wanita,26/04/1995,85000000615,Vocal - Singer,Solo,Yes,Yes,Yes,Yes,No,Yes,,,,
Participant 616,Participant 616,Wanita,16/11/1982,85000000616,Vocal - Singer,Solo,Yes,Yes,Yes,Yes,No,Yes,,,,
Participant 618,Participant 618,Wanita,18/01/2003,85000000618,Vocal - Singer,Yogyakarta,Yes,No,Yes,Yes,Yes,Yes,,,,
Participant 620,Participant 620,Wanita,24/04/1983,85000000620,Vocal - Singer,Jakarta,Yes,Yes,Yes,Yes,Yes,Yes,,,,
PARTICIPANT 630,PARTICIPANT 630,Wanita,24/10/1996,85000000630,Vocal - Singer,Yogyakarta,Yes,No,Yes,Yes,Yes,Yes,,,,
Participant 634,Participant 634,Wanita,14/10/1975,85000000634,Vocal - Singer,Jakarta,Yes,Yes,Yes,Yes,Yes,Yes,,,,
Participant 640,Participant 640,Wanita,01/06/1999,85000000640,Vocal - Singer,Klaten,Yes,Yes,Yes,Yes,Yes,Yes,,,,
Participant 641,Participant 641,Wanita,15/08/1989,85000000641,Vocal - Singer,Bali,No,Yes,No,No,Yes,No,,,,
Participant 646,Participant 646,Pria,03/08/2004,85000000646,Vocal - Singer,Yogyakarta,No,Yes,Yes,Yes,Yes,Yes,,,,
Participant 647,Participant 647,Wanita,25/03/2003,85000000647,Vocal - Singer,Solo,No,Yes,Yes,Yes,Yes,Yes,,,,
Participant 649,Participant 649,Wanita,12/08/1998,85000000649,Vocal - Singer,Jakarta,Yes,Yes,Yes,No,Yes,Yes,,,,
Participant 654,Participant 654,Wanita,02/01/2000,85000000654,Vocal - Singer,Surabaya,Yes,Yes,Yes,Yes,No,Yes,,,,
Participant 657,Participant 657,Wanita,18/11/1997,85000000657,Vocal - Singer,Tangerang,Yes,Yes,Yes,Yes,Yes,Yes,,,,
Participant 659,Participant 659,Wanita,04/06/1997,85000000659,Vocal - Singer,Solo,Yes,Yes,Yes,Yes,Yes,Yes,,,,
Participant 662,Participant 662,Wanita,12/11/1993,85000000662,Vocal - Singer,Jakarta,No,Yes,No,No,Yes,Yes,,,,
PARTICIPANT 666,PARTICIPANT 666,Pria,14/01/2001,85000000666,Vocal - Singer,Yogyakarta,Yes,Yes,Yes,Yes,Yes,Yes,,,,
Participant 667,Participant 667,Wanita,25/09/2001,85000000667,Vocal - Singer,Yogyakarta,Yes,Yes,Yes,Yes,Yes,Yes,,,,
Participant 670,Participant 670,Wanita,18/05/2002,85000000670,Vocal - Singer,Solo,Yes,Yes,No,Yes,No,Yes,,,,
Participant 671,Participant 671,Pria,27/06/1987,85000000671,Vocal - Singer,Solo,Yes,Yes,Yes,Yes,Yes,Yes,,,,
Participant 676,Participant 676,Pria,13/02/1975,85000000676,Vocal - Singer,Solo,Yes,Yes,Yes,Yes,Yes,Yes,,,,
Participant 682,Participant 682,Wanita,23/08/1977,85000000682,Vocal - Singer,Bali,Yes,Yes,No,Yes,Yes,Yes,,,,
Participant 685,Participant 685,Pria,15/01/1979,85000000685,Vocal - Singer,Wonosari,Yes,No,Yes,Yes,No,No,,,,
Participant 687,Participant 687,Wanita,27/09/2002,85000000687,Vocal - Singer,Wonosari,Yes,Yes,Yes,Yes,Yes,Yes,,,,
Participant 691,Participant 691,Wanita,19/05/1971,85000000691,Vocal - Singer,Solo,Yes,Yes,Yes,Yes,No,Yes,,,,
Participant 695,Participant 695,Pria,15/09/1984,85000000695,Vocal - Singer,Bali,Yes,Yes,Yes,Yes,No,Yes,,,,
PARTICIPANT 703,PARTICIPANT 703,Wanita,01/05/1996,85000000703,Vocal - Singer,Yogyakarta,No,No,Yes,Yes,Yes,Yes,,,,
Participant 707,Participant 707,Wanita,13/07/1993,85000000707,Vocal - Singer,Jakarta,Yes,Yes,Yes,Yes,Yes,Yes,,,,
Participant 711,Participant 711,Pria,12/08/1996,85000000711,Vocal - Singer,Yogyakarta,Yes,Yes,Yes,Yes,Yes,Yes,,,,
Participant 713,Participant 713,Wanita,11/12/1999,85000000713,Vocal - Singer,Yogyakarta,Yes,Yes,Yes,Yes,No,Yes,,,,
Participant 716,Participant 716,Pria,24/02/1992,85000000716,Vocal - Singer,Solo,Yes,No,Yes,Yes,Yes,Yes,,,,
Participant 722,Participant 722,Wanita,11/02/2000,85000000722,Vocal - Singer,Yogyakarta,Yes,Yes,Yes,Yes,Yes,No,,,,
Participant 725,Participant 725,Wanita,26/10/1979,85000000725,Vocal - Singer,Solo,Yes,Yes,Yes,Yes,Yes,Yes,,,,
Participant 727,Participant 727,Pria,03/04/1999,85000000727,Vocal - Singer,Bali,Yes,Yes,Yes,Yes,Yes,No,,,,
Participant 729,Participant 729,Wanita,31/03/1980,85000000729,Vocal - Singer,Jakarta,Yes,Yes,Yes,Yes,Yes,Yes,,,,
Participant 731,Participant 731,Wanita,31/08/1999,85000000731,Vocal - Singer,Bali,Yes,Yes,Yes,No,Yes,Yes,,,,
Participant 733,Participant 733,Wanita,23/03/1981,85000000733,Vocal - Singer,Solo,Yes,Yes,Yes,Yes,No,No,,,,
Participant 734,Participant 734,Wanita,24/12/1996,85000000734,Vocal - Singer,Jakarta,Yes,No,Yes,Yes,Yes,No,,,,
Participant 740,Participant 740,Wanita,09/12/1974,85000000740,Vocal - Singer,Solo,Yes,Yes,Yes,Yes,Yes,Yes,,,,
PARTICIPANT 741,PARTICIPANT 741,Wanita,15/11/1976,85000000741,Vocal - Singer,Solo,Yes,Yes,Yes,No,Yes,No,,,,
Participant 743,Participant 743,Wanita,01/12/1971,85000000743,Vocal - Singer,Jakarta,Yes,Yes,Yes,Yes,Yes,Yes,,,,
Participant 744,Participant 744,Pria,07/11/1997,85000000744,Vocal - Singer,Bali,No,No,Yes,Yes,Yes,Yes,,,,
Participant 755,Participant 755,Wanita,15/03/1993,85000000755,Vocal - Singer,Yogyakarta,Yes,Yes,Yes,No,Yes,No,,,,
Participant 756,Participant 756,Wanita,01/12/2002,85000000756,Vocal - Singer,Bali,Yes,Yes,Yes,Yes,Yes,No,,,,
Participant 758,Participant 758,Pria,20/08/1984,85000000758,Vocal - Singer,Solo,No,Yes,Yes,No,Yes,Yes,,,,
Participant 761,Participant 761,Wanita,27/11/1986,85000000761,Vocal - Singer,Jakarta,Yes,Yes,Yes,Yes,Yes,Yes,,,,
participant 762,participant 762,Wanita,15/02/1987,85000000762,Vocal - Singer,Bali,Yes,Yes,Yes,Yes,No,Yes,,,,
Participant 771,Participant 771,Pria,03/07/1991,85000000771,Vocal - Singer,Solo,Yes,Yes,Yes,No,Yes,Yes,,,,
Participant 774,Participant 774,Wanita,04/12/1980,85000000774,Vocal - Singer,Jakarta,Yes,No,Yes,Yes,Yes,Yes,,,,
Participant 779,Participant 779,Wanita,26/06/1998,85000000779,Vocal - Singer,Jakarta,Yes,Yes,Yes,Yes,Yes,Yes,,,,
participant 788,participant 788,Pria,21/07/1999,85000000788,Vocal - Singer,Jakarta,Yes,Yes,No,No,No,Yes,,,,
Participant 795,Participant 795,Wanita,08/07/2002,85000000795,Vocal - Singer,Solo,Yes,Yes,Yes,Yes,Yes,Yes,,,,
Participant 796,Participant 796,Wanita,11/09/2001,85000000796,Vocal - Singer,Bali,Yes,No,No,No,Yes,Yes,,,,
Participant 800,Participant 800,Wanita,23/04/1983,85000000800,Vocal - Singer,Yogyakarta,Yes,Yes,Yes,Yes,Yes,Yes,,,,
Participant 806,Participant 806,Wanita,05/11/1978,85000000806,Vocal - Singer,Bali,Yes,No,Yes,Yes,Yes,Yes,,,,
Participant 807,Participant 807,Wanita,11/08/1988,85000000807,Vocal - Singer,Semarang,Yes,Yes,Yes,No,Yes,No,,,,
Participant 809,Participant 809,Wanita,25/09/1985,85000000809,Vocal - Singer,Wonosari,Yes,Yes,Yes,Yes,Yes,Yes,,,,
Participant 812,Participant 812,Wanita,11/11/2001,85000000812,Vocal - Singer,Bali,No,Yes,Yes,Yes,Yes,Yes,,,,
Participant 813,Participant 813,Wanita,01/01/1999,85000000813,Vocal - Singer,Bali,No,Yes,Yes,Yes,Yes,No,,,,
Participant 817,Participant 817,Wanita,02/01/1976,85000000817,Vocal - Singer,Jakarta,No,Yes,Yes,No,Yes,No,,,,
Participant 821,Participant 821,Wanita,21/01/1975,85000000821,Vocal - Singer,Wonosari,Yes,Yes,Yes,Yes,Yes,Yes,,,,
Participant 824,Participant 824,Wanita,23/09/1972,85000000824,Vocal - Singer,Pekalongan,No,Yes,Yes,Yes,Yes,Yes,,,,
Participant 827,Participant 827,Wanita,05/09/1985,85000000827,Vocal - Singer,Jakarta,Yes,Yes,Yes,Yes,Yes,Yes,,,,
Participant 829,Participant 829,Wanita,23/07/1968,85000000829,Vocal - Singer,Bali,No,Yes,Yes,Yes,No,Yes,,,,
Participant 836,Participant 836,Pria,01/07/1986,85000000836,Vocal - Singer,Yogyakarta,Yes,Yes,Yes,Yes,Yes,Yes,,,,
Participant 837,Participant 837,Wanita,09/02/1990,85000000837,Vocal - Singer,Salatiga,Yes,Yes,Yes,Yes,Yes,Yes,,,,
Participant 839,Participant 839,Wanita,01/07/1993,85000000839,Vocal - Singer,Solo ,No,Yes,Yes,Yes,Yes,Yes,,,,
Participant 841,Participant 841,Wanita,08/04/1986,85000000841,Vocal - Singer,Bali,No,Yes,Yes,Yes,Yes,Yes,,,,
Participant 844,Participant 844,,13/11/1996,85000000844,Vocal - Singer,Jakarta,Yes,Yes,Yes,Yes,Yes,Yes,,,,
Participant 845,Participant 845,Wanita,01/10/1999,85000000845,Vocal - Singer,Salatiga,Yes,Yes,Yes,Yes,Yes,Yes,,,,
Participant 846,Participant 846,Wanita,04/10/1996,85000000846,Vocal - Singer,Tangerang,Yes,Yes,Yes,Yes,Yes,Yes,,,,
participant 854,participant 854,Pria,28/12/1983,85000000854,Vocal - Singer,Yogyakarta,Yes,No,Yes,Yes,Yes,No,,,,
PARTICIPANT 855,PARTICIPANT 855,Wanita,27/02/1992,85000000855,Vocal - Singer,Solo,Yes,Yes,Yes,No,Yes,No,,,,
participant 856,participant 856,Pria,28/12/1983,85000000856,Vocal - Singer,Yogyakarta,Yes,Yes,No,Yes,Yes,Yes,,,,
Participant 857,Participant 857,Pria,13/05/2000,85000000857,Vocal - Singer,Bandung,Yes,Yes,Yes,Yes,Yes,Yes,,,,
Participant 858,Participant 858,Wanita,24/11/1958,85000000858,Vocal - Singer,Ngawi,Yes,Yes,Yes,Yes,Yes,Yes,,,,
Participant 865,Participant 865,Wanita,29/05/2003,85000000865,Vocal - Singer,Solo,Yes,Yes,Yes,Yes,Yes,Yes,,,,
Participant 2443,Participant 2443,Pria,29/03/1993,85000002443,Vocal - Singer,Yogyakarta,Yes,No,Yes,Yes,Yes,No,,,,
Participant 2525,Participant 2525,Wanita,23/02/1996,85000002525,Vocal - Singer,Yogyakarta,Yes,Yes,Yes,Yes,No,Yes,,,,
Participant 334,Participant 334,Wanita,20/08/1978,85000000334,Vocal - Singer,Samarinda,Yes,Yes,Yes,Yes,Yes,Yes,,,,
participant 554,participant 554,Wanita,27/08/1996,85000000554,Vocal - Singer,Solo,Yes,Yes,Yes,No,No,No,,,,
PARTICIPANT 665,PARTICIPANT 665,Wanita,07/05/1960,85000000665,Vocal - Singer,Solo,No,Yes,Yes,Yes,Yes,Yes,,,,
Participant 675,Participant 675,Wanita,27/09/1973,85000000675,Vocal - Singer,Wonosari,Yes,Yes,No,No,Yes,Yes,,,,
Participant 68,Participant 68,Wanita,01/09/1982,85000000068,Vocal - Singer,Madiun,Yes,No,Yes,Yes,Yes,Yes,,,,
Participant 720,Participant 720,Pria,14/05/1996,85000000720,Vocal - Singer,Solo,Yes,No,No,No,Yes,Yes,,,,
Participant 86,Participant 86,Wanita,13/11/1997,85000000086,Vocal - Singer,Jakarta,Yes,Yes,Yes,No,No,Yes,,,,
