FULL NAME,NICKNAME,GENDER,DATE OF BIRTH,PHONE NUMBER,PROGRAM SELECTED,BRANCH,ADMISSION STATUS,CATATAN WALI KELAS,FINAL GRADE,GRADUATION STATUS,
Participant 1412,Participant 1412,Wanita,28/02/1995,85000001412,Arts - Flag,Solo (Open Class),Yes,,A,PASSED,
Participant 1450,Participant 1450,Wanita,27/08/1988,85000001450,Arts - Flag,Nias,Yes,,B,PASSED,
Participant 2877,Participant 2877,Pria,14/02/2000,85000002877,Arts - Flag,Yogyakarta,Yes,,B,PASSED,
Participant 1547,Participant 1547,Wanita,10/10/2004,85000001547,Arts - Flag,Solo (Open Class),No,,,,
Participant 325,Participant 325,Wanita,09/06/2001,85000000325,Arts - Flag,Samarinda,No,,,,
Participant 1683,Participant 1683,Pria,03/08/2000,85000001683,Arts - Flag,Yogyakarta (Open Class),Yes,,B,PASSED,
Participant 1691,Participant 1691,Wanita,16/04/2000,85000001691,Arts - Flag,Yogyakarta (Open Class),Yes,,B,PASSED,
Participant 1740,Participant 1740,Wanita,26/06/1997,85000001740,Arts - Flag,Malang,No,,,,
Participant 1761,Participant 1761,Pria,26/03/2005,85000001761,Arts - Flag,Yogyakarta (Open Class),No,,,,
PARTICIPANT 1794,PARTICIPANT 1794,Wanita,31/01/2003,85000001794,Arts - Flag,Magelang,Yes,,B,PASSED,
Participant 1308,Participant 1308,Wanita,30/11/2004,85000001308,Arts - Movement,Yogyakarta (Open Class),Yes,,B,PASSED,
Participant 2829,Participant 2829,Wanita,03/07/1997,85000002829,Arts - Movement,Yogyakarta,Yes,,B,PASSED,
Participant 1402,Participant 1402,Wanita,19/11/1971,85000001402,Arts - Movement,Solo  (Open Class),No,,,,
Participant 1403,Participant 1403,Wanita,26/08/1974,85000001403,Arts - Movement,Solo  (Open Class),No,,,,
Participant 2850,Participant 2850,Wanita,20/06/1998,85000002850,Arts - Movement,Yogyakarta,Yes,,B,PASSED,
Participant 1430,Participant 1430,Wanita,29/07/2000,85000001430,Arts - Movement,Nias,Yes,,C,PASSED,
Participant 1442,Participant 1442,Wanita,29/10/1997,85000001442,Arts - Movement,Nias,No,,,,
Participant 1489,Participant 1489,Wanita,11/05/2006,85000001489,Arts - Movement,Solo (Open Class),No,,,,
PARTICIPANT 1513,PARTICIPANT 1513,Wanita,21/02/2004,85000001513,Arts - Movement,Nias,Yes,,C,PASSED,
Participant 1514,Participant 1514,Pria,19/02/2004,85000001514,Arts - Movement,Solo (Open Class),Yes,,C,PASSED,
Participant 2873,Participant 2873,Wanita,12/10/1992,85000002873,Arts - Movement,Yogyakarta,Yes,,B,PASSED,
Participant 1525,Participant 1525,Wanita,03/08/2005,85000001525,Arts - Movement,Solo (Open Class),No,,,,
Participant 2881,Participant 2881,Wanita,18/11/2001,85000002881,Arts - Movement,Yogyakarta,No,,,,
Participant 1529,Participant 1529,Wanita,08/06/2003,85000001529,Arts - Movement,Solo (Open Class),Yes,,B,PASSED,
Participant 1578,Participant 1578,Wanita,08/11/1993,85000001578,Arts - Movement,Surabaya,Yes,,B,PASSED,
Participant 1654,Participant 1654,Wanita,28/08/1988,85000001654,Arts - Movement,Ngawi,No,,,,
Participant 1668,Participant 1668,Wanita,05/07/2003,85000001668,Arts - Movement,Yogyakarta (Open Class),No,,,,
Participant 1669,Participant 1669,Wanita,01/05/2003,85000001669,Arts - Movement,Yogyakarta (Open Class),Yes,,A,PASSED,
Participant 1670,Participant 1670,Wanita,03/03/2000,85000001670,Arts - Movement,Yogyakarta (Open Class),Yes,,B,PASSED,
Participant 1671,Participant 1671,Wanita,19/05/2004,85000001671,Arts - Movement,Yogyakarta (Open Class),Yes,,B,PASSED,
Participant 2902,Participant 2902,Wanita,30/11/1999,85000002902,Arts - Movement,Yogyakarta,No,,,,
Participant 2907,Participant 2907,Wanita,23/08/2001,85000002907,Arts - Movement,Yogyakarta,No,,,,
Participant 2914,Participant 2914,Wanita,20/04/2000,85000002914,Arts - Movement,Yogyakarta,Yes,,B,PASSED,
Participant 2917,Participant 2917,Wanita,22/03/1995,85000002917,Arts - Movement,Yogyakarta,Yes,,B,PASSED,
Participant 2939,Participant 2939,Wanita,07/04/2005,85000002939,Arts - Movement,Yogyakarta,No,,,,
Participant 2960,Participant 2960,Wanita,13/09/1999,85000002960,Arts - Movement,Yogyakarta,No,,,,
Participant 1257,Participant 1257,Wanita,18/04/2003,85000001257,Arts - Percussion,Solo (Open Class),Yes,,B,PASSED,
Participant 1270,Participant 1270,Wanita,22/07/2004,85000001270,Arts - Percussion,Solo (Open Class),Yes,,B,PASSED,
Participant 13,Participant 13,Wanita,07/04/1997,85000000013,Arts - Percussion,Solo,Yes,,B,PASSED,
Participant 1364,Participant 1364,Wanita,23/06/2001,85000001364,Arts - Percussion,Yogyakarta (Open Class),No,,,,
Participant 1721,Participant 1721,Wanita,19/11/1997,85000001721,Arts - Percussion,Yogyakarta (Open Class),No,,,,
Participant 2824,Participant 2824,Wanita,22/08/1996,85000002824,Arts - Percussion,Yogyakarta,Yes,,B,PASSED,
Participant 2827,Participant 2827,Wanita,08/06/1988,85000002827,Arts - Percussion,Yogyakarta,Yes,,B,PASSED,
Participant 2833,Participant 2833,Wanita,16/04/1999,85000002833,Arts - Percussion,Yogyakarta,No,,,,
Participant 2835,Participant 2835,Wanita,24/07/1996,85000002835,Arts - Percussion,Yogyakarta,No,,,,
Participant 1382,Participant 1382,Wanita,08/04/1995,85000001382,Arts - Percussion,Yogyakarta (Open Class),Yes,,A,PASSED,
Participant 1386,Participant 1386,Wanita,07/02/2005,85000001386,Arts - Percussion,Yogyakarta (Open Class),Yes,,C,PASSED,
Participant 1388,Participant 1388,Wanita,22/12/1995,85000001388,Arts - Percussion,Yogyakarta (Open Class),Yes,,C,PASSED,
Participant 2839,Participant 2839,Wanita,07/06/1995,85000002839,Arts - Percussion,Yogyakarta,No,,,,
Participant 2840,Participant 2840,Wanita,16/01/1985,85000002840,Arts - Percussion,Yogyakarta,No,,,,
Participant 1408,Participant 1408,Wanita,01/04/2005,85000001408,Arts - Percussion,Solo (Open Class),Yes,,A,PASSED,
Participant 2851,Participant 2851,Wanita,27/05/1984,85000002851,Arts - Percussion,Yogyakarta,Yes,,B,PASSED,
Participant 277,Participant 277,Wanita,25/12/2003,85000000277,Arts - Percussion,Samarinda,No,,,,
participant 1432,participant 1432,Wanita,08/01/2005,85000001432,Arts - Percussion,Nias,No,,,,
PARTICIPANT 1436,PARTICIPANT 1436,Wanita,21/04/1993,85000001436,Arts - Percussion,Nias,Yes,,A,PASSED,
Participant 1438,Participant 1438,Wanita,07/05/1998,85000001438,Arts - Percussion,Nias,Yes,,A,PASSED,
Participant 1440,Participant 1440,Wanita,16/06/1990,85000001440,Arts - Percussion,Nias,Yes,,B,PASSED,
Participant 1441,Participant 1441,Wanita,10/10/1998,85000001441,Arts - Percussion,Nias,No,,,,
Participant 1443,Participant 1443,Wanita,01/03/1995,85000001443,Arts - Percussion,Nias,No,,,,
Participant 1444,Participant 1444,Wanita,17/11/1999,85000001444,Arts - Percussion,Nias,Yes,,C,PASSED,
Participant 1445,Participant 1445,Wanita,29/06/2001,85000001445,Arts - Percussion,Nias,Yes,,B,PASSED,
Participant 2862,Participant 2862,Wanita,26/08/2002,85000002862,Arts - Percussion,Yogyakarta,No,,,,
Participant 1453,Participant 1453,Wanita,15/07/2006,85000001453,Arts - Percussion,Solo (Open Class),No,,,,
Participant 1454,Participant 1454,Wanita,29/09/2004,85000001454,Arts - Percussion,Solo (Open Class),Yes,,C,PASSED,
Participant 1457,Participant 1457,Wanita,23/12/1990,85000001457,Arts - Percussion,Nias,Yes,,A,PASSED,
Participant 1458,Participant 1458,Wanita,10/07/2003,85000001458,Arts - Percussion,Nias,Yes,,A,PASSED,
participant 1460,participant 1460,Wanita,28/08/2006,85000001460,Arts - Percussion,Solo (Open Class),No,,,,
Participant 2866,Participant 2866,Wanita,09/04/1996,85000002866,Arts - Percussion,Yogyakarta,No,,,,
Participant 1468,Participant 1468,Wanita,22/09/2004,85000001468,Arts - Percussion,Yogyakarta (Open Class),Yes,,A,PASSED,
Participant 1469,Participant 1469,Wanita,06/02/2004,85000001469,Arts - Percussion,Solo (Open Class),Yes,,B,PASSED,
Participant 1476,Participant 1476,Wanita,09/12/1989,85000001476,Arts - Percussion,Magelang,No,,,,
Participant 1488,Participant 1488,Wanita,17/05/1980,85000001488,Arts - Percussion,Magelang,No,,,,
Participant 1500,Participant 1500,Wanita,29/11/1992,85000001500,Arts - Percussion,Jakarta (Open Class),Yes,,A,PASSED,
Participant 1511,Participant 1511,Wanita,22/04/2002,85000001511,Arts - Percussion,Jakarta (Open Class),Yes,,A,PASSED,
Participant 1515,Participant 1515,Wanita,12/07/1999,85000001515,Arts - Percussion,Yogyakarta (Open Class),Yes,,A,PASSED,
Participant 1516,Participant 1516,Wanita,03/10/1996,85000001516,Arts - Percussion,Bandung,No,,,,
Participant 2944,Participant 2944,Wanita,30/01/1991,85000002944,Arts - Percussion,Yogyakarta,No,,,,
Participant 2875,Participant 2875,Wanita,11/09/1999,85000002875,Arts - Percussion,Yogyakarta,Yes,,C,PASSED,
Participant 2882,Participant 2882,Wanita,26/08/1999,85000002882,Arts - Percussion,Yogyakarta,Yes,,C,PASSED,
Participant 2888,Participant 2888,Wanita,23/07/1998,85000002888,Arts - Percussion,Yogyakarta,No,,,,
Participant 1531,Participant 1531,Wanita,23/10/2005,85000001531,Arts - Percussion,Solo (Open Class),No,,,,
Participant 1533,Participant 1533,Wanita,18/12/1999,85000001533,Arts - Percussion,Solo (Open Class),Yes,,C,PASSED,
Participant 1535,Participant 1535,Wanita,18/05/2003,85000001535,Arts - Percussion,Jakarta (Open Class),Yes,,B,PASSED,
participant 1541,participant 1541,Wanita,12/07/1999,85000001541,Arts - Percussion,Yogyakarta (Open Class),Yes,,A,PASSED,
participant 1574,participant 1574,Wanita,09/09/1994,85000001574,Arts - Percussion,Jakarta (Open Class),No,,,,
Participant 1586,Participant 1586,Wanita,19/03/2002,85000001586,Arts - Percussion,Solo (Open Class),No,,,,
Participant 1588,Participant 1588,Wanita,15/07/1986,85000001588,Arts - Percussion,Solo (Open Class),Yes,,A,PASSED,
PARTICIPANT 1600,PARTICIPANT 1600,Wanita,19/11/1986,85000001600,Arts - Percussion,Klaten,Yes,,A,PASSED,
Participant 1619,Participant 1619,Wanita,23/10/2005,85000001619,Arts - Percussion,Solo (Open Class),No,,,,
Participant 1627,Participant 1627,Wanita,03/08/1998,85000001627,Arts - Percussion,Jakarta (Open Class),No,,,,
Participant 1630,Participant 1630,Wanita,24/09/2002,85000001630,Arts - Percussion,Solo (Open Class),Yes,,A,PASSED,
Participant 1634,Participant 1634,Wanita,13/06/2004,85000001634,Arts - Percussion,Solo (Open Class),Yes,,A,PASSED,
Participant 1643,Participant 1643,Wanita,09/01/1990,85000001643,Arts - Percussion,Klaten,Yes,,A,PASSED,
Participant 1666,Participant 1666,Wanita,01/08/1997,85000001666,Arts - Percussion,Jakarta (Open Class),No,,,,
PARTICIPANT 1685,PARTICIPANT 1685,Wanita,01/04/2004,85000001685,Arts - Percussion,Jakarta (Open Class),No,,,,
Participant 1695,Participant 1695,Wanita,24/10/2004,85000001695,Arts - Percussion,Jakarta (Open Class),Yes,,B,PASSED,
Participant 1698,Participant 1698,Wanita,17/12/1995,85000001698,Arts - Percussion,Malang,Yes,,A,PASSED,
Participant 1699,Participant 1699,Wanita,16/10/1995,85000001699,Arts - Percussion,Jakarta (Open Class),No,,,,
Participant 1700,Participant 1700,Wanita,25/01/1999,85000001700,Arts - Percussion,Jakarta (Open Class),No,,,,
participant 1703,participant 1703,Wanita,03/01/1995,85000001703,Arts - Percussion,Malang,Yes,,B,PASSED,
Participant 1710,Participant 1710,Wanita,01/05/2002,85000001710,Arts - Percussion,Malang,Yes,,A,PASSED,
Participant 1715,Participant 1715,Wanita,25/03/2006,85000001715,Arts - Percussion,Solo (Open Class),Yes,,A,PASSED,
Participant 1716,Participant 1716,Wanita,14/07/2003,85000001716,Arts - Percussion,Solo (Open Class),No,,,,
participant 1719,participant 1719,Wanita,23/05/2000,85000001719,Arts - Percussion,Malang,No,,,,
Participant 1724,Participant 1724,Wanita,02/05/2001,85000001724,Arts - Percussion,Jakarta (Open Class),Yes,,A,PASSED,
Participant 1741,Participant 1741,Wanita,25/01/2004,85000001741,Arts - Percussion,Malang,Yes,,A,PASSED,
Participant 1742,Participant 1742,Wanita,29/04/1992,85000001742,Arts - Percussion,Malang,No,,,,
Participant 1744,Participant 1744,Wanita,29/12/1998,85000001744,Arts - Percussion,Ngawi,No,,,,
Participant 1749,Participant 1749,Wanita,12/11/2001,85000001749,Arts - Percussion,Jakarta (Open Class),Yes,,A,PASSED,
Participant 1776,Participant 1776,Wanita,29/12/2006,85000001776,Arts - Percussion,Solo (Open Class),Yes,,A,PASSED,
participant 1777,participant 1777,Wanita,20/12/2006,85000001777,Arts - Percussion,Solo (Open Class),Yes,,B,PASSED,
Participant 1781,Participant 1781,Wanita,20/04/2005,85000001781,Arts - Percussion,Klaten,No,,,,
Participant 1792,Participant 1792,Wanita,22/04/1999,85000001792,Arts - Percussion,Yogyakarta (Open Class),No,,,,
Participant 2895,Participant 2895,Wanita,09/08/1990,85000002895,Arts - Percussion,Yogyakarta,Yes,,A,PASSED,
Participant 2899,Participant 2899,Wanita,08/06/1999,85000002899,Arts - Percussion,Yogyakarta,Yes,,A,PASSED,
Participant 2913,Participant 2913,Wanita,03/09/1999,85000002913,Arts - Percussion,Yogyakarta,No,,,,
Participant 531,Participant 531,Wanita,01/11/2004,85000000531,Arts - Percussion,Solo,No,,,,
Participant 2928,Participant 2928,Wanita,18/10/1999,85000002928,Arts - Percussion,Yogyakarta,Yes,,B,PASSED,
Participant 2930,Participant 2930,Wanita,25/02/2001,85000002930,Arts - Percussion,Yogyakarta,Yes,,A,PASSED,
Participant 2931,Participant 2931,Wanita,07/06/2000,85000002931,Arts - Percussion,Yogyakarta,Yes,,B,PASSED,
Participant 2953,Participant 2953,Wanita,30/01/1997,85000002953,Arts - Percussion,Yogyakarta,No,,,,
Participant 2962,Participant 2962,Wanita,13/09/1996,85000002962,Arts - Percussion,Yogyakarta,No,,,,
Participant 2966,Participant 2966,Wanita,13/01/2001,85000002966,Arts - Percussion,Yogyakarta,Yes,,B,PASSED,
Participant 585,Participant 585,Wanita,05/03/1998,85000000585,Arts - Percussion,Yogyakarta,Yes,,C,PASSED,
Participant 1815,Participant 1815,Wanita,27/12/1988,85000001815,Arts - Percussion,Yogyakarta (Open Class),No,,,,
Participant 1816,Participant 1816,Wanita,05/06/2006,85000001816,Arts - Percussion,Yogyakarta (Open Class),No,,,,
Participant 1818,Participant 1818,Wanita,10/05/2003,85000001818,Arts - Percussion,Yogyakarta (Open Class),Yes,,C,PASSED,
Participant 1829,Participant 1829,Wanita,16/07/2006,85000001829,Arts - Percussion,Yogyakarta (Open Class),Yes,,C,PASSED,
PARTICIPANT 678,PARTICIPANT 678,Wanita,09/07/2003,85000000678,Arts - Percussion,Madiun,Yes,,B,PASSED,
Participant 747,Participant 747,Wanita,01/05/2004,85000000747,Arts - Percussion,Solo,Yes,,C,PASSED,
Participant 759,Participant 759,Wanita,05/07/2004,85000000759,Arts - Percussion,Solo,Yes,,C,PASSED,
Participant 853,Participant 853,Wanita,23/08/1995,85000000853,Arts - Percussion,Tangerang,Yes,,C,PASSED,
Participant 252,Participant 252,Pria,15/07/1989,85000000252,Audio - Engineer,Tangerang,Yes,,B,PASSED,
Participant 266,Participant 266,Pria,27/08/1984,85000000266,Audio - Engineer,Samarinda,No,,,,
Participant 1482,Participant 1482,Pria,28/09/2000,85000001482,Audio - Engineer,Solo (Open Class),Yes,,C,PASSED,
Participant 1540,Participant 1540,Pria,16/04/1993,85000001540,Audio - Engineer,Jakarta (Open Class),Yes,,C,PASSED,
Participant 1605,Participant 1605,Pria,05/10/1980,85000001605,Audio - Engineer,Klaten,Yes,,C,PASSED,
Participant 1608,Participant 1608,Pria,20/04/1985,85000001608,Audio - Engineer,Klaten,Yes,,B,PASSED,
Participant 1617,Participant 1617,Pria,20/10/1971,85000001617,Audio - Engineer,Solo (Open Class),Yes,,B,PASSED,
Participant 1633,Participant 1633,Pria,22/09/1993,85000001633,Audio - Engineer,Klaten,No,,,,
Participant 1640,Participant 1640,Pria,20/10/1971,85000001640,Audio - Engineer,Solo (Open Class),Yes,,A,PASSED,
Participant 2935,Participant 2935,Pria,13/05/2003,85000002935,Audio - Engineer,Yogyakarta,Yes,,A,PASSED,
Participant 2937,Participant 2937,Pria,23/09/2003,85000002937,Audio - Engineer,Yogyakarta,No,,,,
Participant 2940,Participant 2940,Pria,06/02/2004,85000002940,Audio - Engineer,Yogyakarta,Yes,,B,PASSED,
Participant 2952,Participant 2952,Pria,26/06/1999,85000002952,Audio - Engineer,Yogyakarta,No,,,,
Participant 1206,Participant 1206,Pria,10/04/1988,85000001206,Music - Bass,Surabaya,Yes,,A,PASSED,
Participant 1422,Participant 1422,Pria,08/07/1990,85000001422,Music - Bass,Magelang,Yes,,B,PASSED,
Participant 2582,Participant 2582,Pria,22/10/1998,85000002582,Music - Bass,Yogyakarta,Yes,,B,PASSED,
Participant 2819,Participant 2819,Pria,22/05/1995,85000002819,Music - Bass,Yogyakarta,Yes,,C,PASSED,
Participant 1407,Participant 1407,Pria,07/02/1995,85000001407,Music - Bass,Jakarta (Open Class),No,,,,
Participant 2861,Participant 2861,Pria,12/11/1982,85000002861,Music - Bass,Yogyakarta,Yes,,C,PASSED,
Participant 1473,Participant 1473,Pria,12/05/2002,85000001473,Music - Bass,Nias,Yes,,C,PASSED,
Participant 2886,Participant 2886,Pria,04/08/1997,85000002886,Music - Bass,Yogyakarta,Yes,,B,PASSED,
Participant 1570,Participant 1570,Pria,12/06/1987,85000001570,Music - Bass,Magelang,Yes,,C,PASSED,
Participant 1626,Participant 1626,Pria,15/10/2000,85000001626,Music - Bass,Klaten,Yes,,C,PASSED,
Participant 1628,Participant 1628,Pria,20/02/1995,85000001628,Music - Bass,Jakarta (Open Class),Yes,,C,PASSED,
Participant 1659,Participant 1659,Pria,02/06/1988,85000001659,Music - Bass,Yogyakarta (Open Class),Yes,,B,PASSED,
Participant 1680,Participant 1680,Pria,25/08/1994,85000001680,Music - Bass,Jakarta (Open Class),Yes,,C,PASSED,
Participant 1690,Participant 1690,Pria,15/08/1990,85000001690,Music - Bass,Solo (Open Class),No,,,,
Participant 1696,Participant 1696,Pria,18/01/1993,85000001696,Music - Bass,Malang,Yes,,C,PASSED,
Participant 1718,Participant 1718,Pria,20/07/1977,85000001718,Music - Bass,Yogyakarta (Open Class),Yes,,C,PASSED,
Participant 1734,Participant 1734,Pria,14/02/2003,85000001734,Music - Bass,Malang,Yes,,B,PASSED,
Participant 1810,Participant 1810,Pria,03/11/2006,85000001810,Music - Bass,Malang,Yes,,B,PASSED,
Participant 1676,Participant 1676,Pria,21/06/1995,85000001676,Music - Drum,Jakarta (Open Class),Yes,,A,PASSED,
Participant 2580,Participant 2580,Wanita,26/05/1995,85000002580,Music - Drum,Yogyakarta,No,,,,
Participant 2822,Participant 2822,Pria,26/12/1994,85000002822,Music - Drum,Yogyakarta,Yes,,A,PASSED,
Participant 2838,Participant 2838,Pria,03/03/1995,85000002838,Music - Drum,Yogyakarta,Yes,,B,PASSED,
Participant 2843,Participant 2843,Pria,04/02/1999,85000002843,Music - Drum,Yogyakarta,No,,,,
Participant 2738,Participant 2738,Pria,03/09/1999,85000002738,Music - Drum,Yogyakarta,Yes,,A,PASSED,
participant 1417,participant 1417,Pria,26/02/1994,85000001417,Music - Drum,Solo (Open Class),No,,,,
Participant 2849,Participant 2849,Pria,02/01/1998,85000002849,Music - Drum,Yogyakarta,Yes,,B,PASSED,
Participant 2855,Participant 2855,Pria,17/11/1998,85000002855,Music - Drum,Yogyakarta,Yes,,B,PASSED,
Participant 2856,Participant 2856,Pria,03/11/1996,85000002856,Music - Drum,Yogyakarta,Yes,,C,PASSED,
Participant 1435,Participant 1435,Pria,30/01/2004,85000001435,Music - Drum,Nias,Yes,,C,PASSED,
Participant 1449,Participant 1449,Pria,02/05/1976,85000001449,Music - Drum,Magelang,No,,,,
Participant 2863,Participant 2863,Pria,10/02/1998,85000002863,Music - Drum,Yogyakarta,Yes,,C,PASSED,
Participant 2864,Participant 2864,Pria,23/03/1994,85000002864,Music - Drum,Yogyakarta,Yes,,B,PASSED,
Participant 1466,Participant 1466,Pria,07/05/1990,85000001466,Music - Drum,Yogyakarta (Open Class),Yes,,C,PASSED,
PARTICIPANT 2869,PARTICIPANT 2869,Pria,21/09/1999,85000002869,Music - Drum,Yogyakarta,Yes,,C,PASSED,
Participant 1475,Participant 1475,Pria,11/07/2001,85000001475,Music - Drum,Yogyakarta (Open Class),Yes,,C,PASSED,
Participant 1481,Participant 1481,Pria,02/05/2006,85000001481,Music - Drum,Nias,Yes,,B,PASSED,
participant 2871,participant 2871,Pria,23/10/1999,85000002871,Music - Drum,Yogyakarta,Yes,,C,PASSED,
Participant 1484,Participant 1484,Pria,25/07/2006,85000001484,Music - Drum,Solo (Open Class),Yes,,C,PASSED,
Participant 1491,Participant 1491,Pria,03/05/2006,85000001491,Music - Drum,Nias,No,,,,
Participant 1520,Participant 1520,Pria,25/09/2001,85000001520,Music - Drum,Solo (Open Class),Yes,,C,PASSED,
Participant 1524,Participant 1524,Pria,23/01/2000,85000001524,Music - Drum,Yogyakarta (Open Class),Yes,,B,PASSED,
Participant 2878,Participant 2878,Pria,21/03/1996,85000002878,Music - Drum,Yogyakarta,Yes,,B,PASSED,
Participant 2883,Participant 2883,Pria,02/09/1999,85000002883,Music - Drum,Yogyakarta,Yes,,A,PASSED,
Participant 2884,Participant 2884,Pria,22/02/1998,85000002884,Music - Drum,Yogyakarta,Yes,,A,PASSED,
PARTICIPANT 2885,PARTICIPANT 2885,Pria,12/06/1991,85000002885,Music - Drum,Yogyakarta,No,,,,
Participant 2887,Participant 2887,Pria,09/07/1998,85000002887,Music - Drum,Yogyakarta,Yes,,B,PASSED,
Participant 1530,Participant 1530,Pria,07/01/2004,85000001530,Music - Drum,Nias,Yes,,A,PASSED,
Participant 1539,Participant 1539,Pria,06/12/1998,85000001539,Music - Drum,Nias,No,,,,
Participant 1543,Participant 1543,Pria,11/01/2004,85000001543,Music - Drum,Nias,Yes,,B,PASSED,
Participant 1561,Participant 1561,Pria,18/08/1995,85000001561,Music - Drum,Nias,No,,,,
Participant 1594,Participant 1594,Pria,15/06/2002,85000001594,Music - Drum,Yogyakarta (Open Class),Yes,,B,PASSED,
Participant 1607,Participant 1607,Pria,03/12/2001,85000001607,Music - Drum,Solo (Open Class),Yes,,C,PASSED,
Participant 1615,Participant 1615,Pria,21/02/1982,85000001615,Music - Drum,Klaten,Yes,,C,PASSED,
Participant 1642,Participant 1642,Pria,03/05/2006,85000001642,Music - Drum,Solo (Open Class),Yes,,C,PASSED,
Participant 1729,Participant 1729,Pria,06/04/1996,85000001729,Music - Drum,Yogyakarta (Open Class),No,,,,
Participant 1756,Participant 1756,Wanita,18/05/1999,85000001756,Music - Drum,Ngawi,Yes,,B,PASSED,
Participant 1787,Participant 1787,Pria,08/04/1971,85000001787,Music - Drum,Solo (Open Class),Yes,,C,PASSED,
Participant 2892,Participant 2892,Pria,07/02/1995,85000002892,Music - Drum,Yogyakarta,Yes,,C,PASSED,
Participant 2896,Participant 2896,Pria,20/11/1999,85000002896,Music - Drum,Yogyakarta,Yes,,C,PASSED,
Participant 2897,Participant 2897,Pria,17/01/1998,85000002897,Music - Drum,Yogyakarta,Yes,,B,PASSED,
Participant 2898,Participant 2898,Pria,29/08/1991,85000002898,Music - Drum,Yogyakarta,Yes,,C,PASSED,
PARTICIPANT 2915,PARTICIPANT 2915,Pria,19/09/2000,85000002915,Music - Drum,Yogyakarta,Yes,,C,PASSED,
Participant 2916,Participant 2916,Wanita,02/08/1986,85000002916,Music - Drum,Yogyakarta,Yes,,C,PASSED,
Participant 2922,Participant 2922,Pria,13/08/1999,85000002922,Music - Drum,Yogyakarta,No,,,,
Participant 2923,Participant 2923,Pria,23/03/2000,85000002923,Music - Drum,Yogyakarta,Yes,,B,PASSED,
Participant 2924,Participant 2924,Pria,18/04/2000,85000002924,Music - Drum,Yogyakarta,Yes,,B,PASSED,
Participant 2925,Participant 2925,Pria,25/03/1998,85000002925,Music - Drum,Yogyakarta,Yes,,A,PASSED,
Participant 1808,Participant 1808,Pria,03/09/1999,85000001808,Music - Drum,Yogyakarta (Open Class),Yes,,A,PASSED,
Participant 2942,Participant 2942,Pria,22/07/2000,85000002942,Music - Drum,Yogyakarta,Yes,,B,PASSED,
Participant 2950,Participant 2950,Pria,19/09/1995,85000002950,Music - Drum,Yogyakarta,No,,,,
PARTICIPANT 1824,PARTICIPANT 1824,Pria,26/09/2004,85000001824,Music - Drum,Yogyakarta (Open Class),Yes,,A,PASSED,
Participant 1100,Participant 1100,Pria,27/02/2001,85000001100,Music - Guitar,Tangerang,Yes,,B,PASSED,
Participant 1304,Participant 1304,Pria,04/08/1996,85000001304,Music - Guitar,Semarang,No,,,,
Participant 1501,Participant 1501,Pria,03/04/1986,85000001501,Music - Guitar,Magelang,Yes,,B,PASSED,
Participant 2569,Participant 2569,Wanita,14/03/1984,85000002569,Music - Guitar,Yogyakarta,No,,,,
Participant 2834,Participant 2834,Pria,26/07/2001,85000002834,Music - Guitar,Yogyakarta,Yes,,C,PASSED,
Participant 1379,Participant 1379,Pria,22/04/1978,85000001379,Music - Guitar,Semarang,Yes,,C,PASSED,
Participant 1399,Participant 1399,Pria,05/06/1989,85000001399,Music - Guitar,Solo (Open Class),Yes,,C,PASSED,
Participant 2853,Participant 2853,Wanita,07/05/1997,85000002853,Music - Guitar,Yogyakarta,Yes,,B,PASSED,
Participant 1420,Participant 1420,Pria,22/10/1979,85000001420,Music - Guitar,Nias,No,,,,
Participant 1424,Participant 1424,Pria,15/10/2002,85000001424,Music - Guitar,Yogyakarta (Open Class),Yes,,C,PASSED,
Participant 1439,Participant 1439,Pria,07/06/2003,85000001439,Music - Guitar,Nias,Yes,,C,PASSED,
Participant 2859,Participant 2859,Pria,06/04/1998,85000002859,Music - Guitar,Yogyakarta,Yes,,C,PASSED,
Participant 2825,Participant 2825,Pria,02/08/1984,85000002825,Music - Guitar,Yogyakarta,Yes,,B,PASSED,
Participant 2867,Participant 2867,Pria,31/03/1999,85000002867,Music - Guitar,Yogyakarta,Yes,,C,PASSED,
PARTICIPANT 2868,PARTICIPANT 2868,Pria,20/04/2000,85000002868,Music - Guitar,Yogyakarta,Yes,,C,PASSED,
Participant 1494,Participant 1494,Pria,04/11/1991,85000001494,Music - Guitar,Solo (Open Class),Yes,,C,PASSED,
PARTICIPANT 1506,PARTICIPANT 1506,Pria,23/08/1982,85000001506,Music - Guitar,Yogyakarta (Open Class),Yes,,B,PASSED,
Participant 1555,Participant 1555,Wanita,04/05/1966,85000001555,Music - Guitar,Solo (Open Class),No,,,,
Participant 1572,Participant 1572,Pria,16/05/1981,85000001572,Music - Guitar,Solo (Open Class),Yes,,B,PASSED,
Participant 1602,Participant 1602,Wanita,28/10/2003,85000001602,Music - Guitar,Klaten,Yes,,A,PASSED,
Participant 1613,Participant 1613,Pria,31/05/2005,85000001613,Music - Guitar,Klaten,Yes,,A,PASSED,
Participant 1635,Participant 1635,Wanita,02/01/1975,85000001635,Music - Guitar,Solo  (Open Class),Yes,,B,PASSED,
Participant 1637,Participant 1637,Pria,08/06/1997,85000001637,Music - Guitar,Madiun,Yes,,A,PASSED,
Participant 1714,Participant 1714,Pria,23/08/1979,85000001714,Music - Guitar,Malang,No,,,,
Participant 1722,Participant 1722,Pria,13/06/2000,85000001722,Music - Guitar,Malang,Yes,,B,PASSED,
Participant 1723,Participant 1723,Pria,31/12/2002,85000001723,Music - Guitar,Jakarta (Open Class),Yes,,B,PASSED,
Participant 397,Participant 397,Pria,15/04/1974,85000000397,Music - Guitar,Surabaya,No,,,,
Participant 1743,Participant 1743,Pria,13/06/1970,85000001743,Music - Guitar,Ngawi,Yes,,C,PASSED,
Participant 1760,Participant 1760,Wanita,03/05/1980,85000001760,Music - Guitar,Bali,No,,,,
Participant 1764,Participant 1764,Pria,03/04/1982,85000001764,Music - Guitar,Solo (Open Class),Yes,,C,PASSED,
Participant 1786,Participant 1786,Pria,04/03/1977,85000001786,Music - Guitar,Solo (Open Class),Yes,,C,PASSED,
Participant 2927,Participant 2927,Pria,30/03/1996,85000002927,Music - Guitar,Yogyakarta,Yes,,B,PASSED,
Participant 2934,Participant 2934,Pria,27/12/1998,85000002934,Music - Guitar,Yogyakarta,Yes,,C,PASSED,
Participant 2956,Participant 2956,Pria,14/11/1995,85000002956,Music - Guitar,Yogyakarta,No,,,,
Participant 1819,Participant 1819,Pria,10/06/2006,85000001819,Music - Guitar,Solo (Open Class),Yes,,C,PASSED,
Participant 674,Participant 674,Pria,07/07/2002,85000000674,Music - Guitar,Yogyakarta,Yes,,C,PASSED,
Participant 1044,Participant 1044,Wanita,24/07/1981,85000001044,Music - Keyboard,Jakarta (Open Class),Yes,,B,PASSED,
PARTICIPANT 1197,PARTICIPANT 1197,Pria,09/11/1989,85000001197,Music - Keyboard,Surabaya,Yes,,C,PASSED,
Participant 1377,Participant 1377,Pria,30/10/2001,85000001377,Music - Keyboard,Yogyakarta (Open Class),Yes,,C,PASSED,
Participant 1396,Participant 1396,Wanita,07/03/2004,85000001396,Music - Keyboard,Yogyakarta (Open Class),Yes,,C,PASSED,
Participant 1404,Participant 1404,Pria,30/12/1990,85000001404,Music - Keyboard,Nias,Yes,,B,PASSED,
PARTICIPANT 1413,PARTICIPANT 1413,Pria,13/08/1984,85000001413,Music - Keyboard,Klaten,Yes,,B,PASSED,
Participant 1418,Participant 1418,Pria,05/08/1995,85000001418,Music - Keyboard,Sragen,No,,,,
Participant 1448,Participant 1448,Pria,21/06/2000,85000001448,Music - Keyboard,Nias,Yes,,A,PASSED,
Participant 1465,Participant 1465,Pria,16/01/2005,85000001465,Music - Keyboard,Yogyakarta (Open Class),Yes,,A,PASSED,
Participant 1477,Participant 1477,Wanita,26/03/1996,85000001477,Music - Keyboard,Nias,Yes,,B,PASSED,
Participant 1497,Participant 1497,Wanita,04/01/2000,85000001497,Music - Keyboard,Magelang,Yes,,A,PASSED,
Participant 1505,Participant 1505,Pria,06/12/2000,85000001505,Music - Keyboard,Yogyakarta (Open Class),Yes,,B,PASSED,
Participant 1512,Participant 1512,Pria,30/09/2003,85000001512,Music - Keyboard,Yogyakarta (Open Class),No,,,,
Participant 2879,Participant 2879,Pria,13/06/1999,85000002879,Music - Keyboard,Yogyakarta,Yes,,B,PASSED,
Participant 1534,Participant 1534,Pria,05/08/1981,85000001534,Music - Keyboard,Yogyakarta (Open Class),Yes,,C,PASSED,
Participant 1557,Participant 1557,Pria,02/02/1973,85000001557,Music - Keyboard,Solo  (Open Class),No,,,,
Participant 1582,Participant 1582,Wanita,05/06/2002,85000001582,Music - Keyboard,Solo (Open Class),Yes,,C,PASSED,
Participant 1585,Participant 1585,Pria,04/04/1984,85000001585,Music - Keyboard,Surabaya,No,,,,
Participant 1601,Participant 1601,Pria,02/07/2001,85000001601,Music - Keyboard,Klaten,Yes,,C,PASSED,
Participant 1614,Participant 1614,Wanita,22/11/2005,85000001614,Music - Keyboard,Klaten,Yes,,B,PASSED,
Participant 1618,Participant 1618,Wanita,26/03/1996,85000001618,Music - Keyboard,Klaten,Yes,,C,PASSED,
Participant 1660,Participant 1660,Pria,18/01/2004,85000001660,Music - Keyboard,Ngawi,Yes,,C,PASSED,
Participant 344,Participant 344,Wanita,31/08/1982,85000000344,Music - Keyboard,Solo,No,,,,
Participant 1687,Participant 1687,Wanita,01/08/2004,85000001687,Music - Keyboard,Yogyakarta (Open Class),Yes,,C,PASSED,
Participant 1706,Participant 1706,Wanita,30/08/2003,85000001706,Music - Keyboard,Yogyakarta (Open Class),Yes,,B,PASSED,
Participant 1709,Participant 1709,Pria,30/10/1994,85000001709,Music - Keyboard,Jakarta (Open Class),Yes,,C,PASSED,
Participant 1758,Participant 1758,Pria,07/12/1996,85000001758,Music - Keyboard,Yogyakarta (Open Class),Yes,,C,PASSED,
Participant 1771,Participant 1771,Pria,11/05/1986,85000001771,Music - Keyboard,Magelang,Yes,,C,PASSED,
Participant 1789,Participant 1789,Pria,23/09/2006,85000001789,Music - Keyboard,Solo (Open Class),Yes,,B,PASSED,
Participant 1799,Participant 1799,Pria,23/04/2003,85000001799,Music - Keyboard,Jakarta (Open Class),Yes,,B,PASSED,
participant 1806,participant 1806,Pria,07/11/2002,85000001806,Music - Keyboard,Yogyakarta (Open Class),Yes,,A,PASSED,
Participant 2909,Participant 2909,Wanita,16/09/1994,85000002909,Music - Keyboard,Yogyakarta,No,,,,
Participant 2911,Participant 2911,Wanita,20/03/1998,85000002911,Music - Keyboard,Yogyakarta,Yes,,A,PASSED,
Participant 2912,Participant 2912,Pria,07/03/1997,85000002912,Music - Keyboard,Yogyakarta,Yes,,B,PASSED,
Participant 2919,Participant 2919,Wanita,02/12/2001,85000002919,Music - Keyboard,Yogyakarta,Yes,,A,PASSED,
Participant 2920,Participant 2920,Pria,26/06/1996,85000002920,Music - Keyboard,Yogyakarta,Yes,,B,PASSED,
Participant 2921,Participant 2921,Pria,21/04/2000,85000002921,Music - Keyboard,Yogyakarta,Yes,,B,PASSED,
Participant 2943,Participant 2943,Wanita,04/09/2000,85000002943,Music - Keyboard,Yogyakarta,No,,,,
Participant 2969,Participant 2969,Pria,18/04/2000,85000002969,Music - Keyboard,Yogyakarta,Yes,,C,PASSED,
Participant 1360,Participant 1360,Wanita,15/08/1985,85000001360,Visual - Makeup,Solo (Open Class),Yes,,C,PASSED,
Participant 1397,Participant 1397,Wanita,16/06/2001,85000001397,Visual - Makeup,Solo (Open Class),No,,,,
PARTICIPANT 1452,PARTICIPANT 1452,Wanita,03/06/2005,85000001452,Visual - Makeup,Solo (Open Class),Yes,,C,PASSED,
Participant 1459,Participant 1459,Wanita,07/07/2006,85000001459,Visual - Makeup,Solo (Open Class),No,,,,
Participant 1472,Participant 1472,Wanita,14/05/1988,85000001472,Visual - Makeup,Solo (Open Class),Yes,,B,PASSED,
Participant 1483,Participant 1483,Wanita,25/06/2000,85000001483,Visual - Makeup,Solo (Open Class),Yes,,C,PASSED,
Participant 1485,Participant 1485,Wanita,20/02/1972,85000001485,Visual - Makeup,Yogyakarta (Open Class),Yes,,C,PASSED,
Participant 1538,Participant 1538,Wanita,30/06/1980,85000001538,Visual - Makeup,Yogyakarta (Open Class),Yes,,C,PASSED,
Participant 1556,Participant 1556,Wanita,03/02/1996,85000001556,Visual - Makeup,Jakarta (Open Class),No,,,,
Participant 1647,Participant 1647,Wanita,10/10/1962,85000001647,Visual - Makeup,Solo (Open Class),Yes,,B,PASSED,
Participant 1662,Participant 1662,Wanita,19/02/1995,85000001662,Visual - Makeup,Yogyakarta (Open Class),Yes,,C,PASSED,
Participant 1795,Participant 1795,Wanita,27/09/1995,85000001795,Visual - Makeup,Yogyakarta (Open Class),Yes,,C,PASSED,
Participant 1493,Participant 1493,Wanita,18/05/1980,85000001493,Vocal - Choir,Jakarta (Open Class),Yes,,C,PASSED,
Participant 1370,Participant 1370,Wanita,13/12/1979,85000001370,Vocal - Choir,Solo (Open Class),Yes,,B,PASSED,
Participant 1371,Participant 1371,Wanita,06/09/1974,85000001371,Vocal - Choir,Solo (Open Class),Yes,,B,PASSED,
Participant 2828,Participant 2828,Wanita,07/11/1997,85000002828,Vocal - Choir,Yogyakarta,Yes,,A,PASSED,
Participant 2837,Participant 2837,Wanita,01/02/1988,85000002837,Vocal - Choir,Yogyakarta,Yes,,A,PASSED,
Participant 2841,Participant 2841,Pria,14/05/1994,85000002841,Vocal - Choir,Yogyakarta,No,,,,
Participant 2842,Participant 2842,Pria,20/08/1997,85000002842,Vocal - Choir,Yogyakarta,Yes,,B,PASSED,
PARTICIPANT 2844,PARTICIPANT 2844,Pria,20/04/1999,85000002844,Vocal - Choir,Yogyakarta,Yes,,A,PASSED,
Participant 2845,Participant 2845,Pria,24/01/1997,85000002845,Vocal - Choir,Yogyakarta,Yes,,B,PASSED,
Participant 2847,Participant 2847,Wanita,11/02/2002,85000002847,Vocal - Choir,Yogyakarta,Yes,,B,PASSED,
Participant 2854,Participant 2854,Wanita,27/05/1993,85000002854,Vocal - Choir,Yogyakarta,Yes,,C,PASSED,
PARTICIPANT 1419,PARTICIPANT 1419,Wanita,25/04/1994,85000001419,Vocal - Choir,Yogyakarta (Open Class),No,,,,
Participant 2858,Participant 2858,Wanita,26/02/1997,85000002858,Vocal - Choir,Yogyakarta,Yes,,C,PASSED,
PARTICIPANT 2860,PARTICIPANT 2860,Wanita,09/04/2002,85000002860,Vocal - Choir,Yogyakarta,Yes,,C,PASSED,
Participant 2865,Participant 2865,Pria,18/10/1999,85000002865,Vocal - Choir,Yogyakarta,No,,,,
Participant 2846,Participant 2846,Wanita,12/01/1997,85000002846,Vocal - Choir,Yogyakarta,Yes,,B,PASSED,
participant 2870,participant 2870,Pria,11/12/1995,85000002870,Vocal - Choir,Yogyakarta,No,,,,
Participant 1498,Participant 1498,Wanita,06/03/1987,85000001498,Vocal - Choir,Jakarta (Open Class),Yes,,C,PASSED,
Participant 1503,Participant 1503,Wanita,11/10/1980,85000001503,Vocal - Choir,Solo  (Open Class),Yes,,C,PASSED,
Participant 2876,Participant 2876,Wanita,25/03/1976,85000002876,Vocal - Choir,Yogyakarta,Yes,,C,PASSED,
Participant 2889,Participant 2889,Wanita,12/02/1999,85000002889,Vocal - Choir,Yogyakarta,Yes,,B,PASSED,
participant 2890,participant 2890,Wanita,01/11/1985,85000002890,Vocal - Choir,Yogyakarta,No,,,,
Participant 1546,Participant 1546,Pria,29/08/2002,85000001546,Vocal - Choir,Solo (Open Class),Yes,,C,PASSED,
Participant 1663,Participant 1663,Wanita,02/07/2001,85000001663,Vocal - Choir,Yogyakarta (Open Class),Yes,,C,PASSED,
Participant 1772,Participant 1772,Wanita,18/06/1978,85000001772,Vocal - Choir,Malang,Yes,,C,PASSED,
Participant 1791,Participant 1791,Wanita,10/03/1990,85000001791,Vocal - Choir,Solo (Open Class),Yes,,B,PASSED,
PARTICIPANT 2900,PARTICIPANT 2900,Wanita,15/09/1971,85000002900,Vocal - Choir,Yogyakarta,Yes,,B,PASSED,
PARTICIPANT 2901,PARTICIPANT 2901,Pria,28/02/1970,85000002901,Vocal - Choir,Yogyakarta,Yes,,A,PASSED,
Participant 2904,Participant 2904,Wanita,29/03/1997,85000002904,Vocal - Choir,Yogyakarta,Yes,,A,PASSED,
Participant 2905,Participant 2905,Wanita,02/04/1990,85000002905,Vocal - Choir,Yogyakarta,Yes,,B,PASSED,
Participant 2906,Participant 2906,Wanita,18/08/2000,85000002906,Vocal - Choir,Yogyakarta,No,,,,
Participant 2910,Participant 2910,Wanita,26/06/1997,85000002910,Vocal - Choir,Yogyakarta,Yes,,A,PASSED,
Participant 2926,Participant 2926,Wanita,05/08/1989,85000002926,Vocal - Choir,Yogyakarta,Yes,,B,PASSED,
Participant 2932,Participant 2932,Wanita,20/03/1978,85000002932,Vocal - Choir,Yogyakarta,Yes,,B,PASSED,
Participant 2936,Participant 2936,Wanita,25/09/1971,85000002936,Vocal - Choir,Yogyakarta,Yes,,C,PASSED,
Participant 2938,Participant 2938,Wanita,26/01/1999,85000002938,Vocal - Choir,Yogyakarta,Yes,,C,PASSED,
participant 2941,participant 2941,Wanita,17/12/1977,85000002941,Vocal - Choir,Yogyakarta,No,,,,
Participant 2945,Participant 2945,Wanita,03/09/1987,85000002945,Vocal - Choir,Yogyakarta,Yes,,C,PASSED,
Participant 2947,Participant 2947,Wanita,11/11/1996,85000002947,Vocal - Choir,Yogyakarta,Yes,,B,PASSED,
Participant 2949,Participant 2949,Pria,30/08/1994,85000002949,Vocal - Choir,Yogyakarta,No,,,,
Participant 2951,Participant 2951,Wanita,07/02/1997,85000002951,Vocal - Choir,Yogyakarta,Yes,,C,PASSED,
Participant 2957,Participant 2957,Wanita,10/02/1999,85000002957,Vocal - Choir,Yogyakarta,No,,,,
Participant 2958,Participant 2958,Wanita,18/12/1997,85000002958,Vocal - Choir,Yogyakarta,Yes,,C,PASSED,
Participant 2959,Participant 2959,Wanita,13/03/1996,85000002959,Vocal - Choir,Yogyakarta,Yes,,C,PASSED,
PARTICIPANT 2961,PARTICIPANT 2961,Wanita,22/03/2000,85000002961,Vocal - Choir,Yogyakarta,Yes,,B,PASSED,
PARTICIPANT 2964,PARTICIPANT 2964,Pria,09/09/2002,85000002964,Vocal - Choir,Yogyakarta,Yes,,C,PASSED,
Participant 2967,Participant 2967,Pria,30/04/1987,85000002967,Vocal - Choir,Yogyakarta,No,,,,
PARTICIPANT 2968,PARTICIPANT 2968,Wanita,12/10/1982,85000002968,Vocal - Choir,Yogyakarta,Yes,,C,PASSED,
Participant 1188,Participant 1188,Wanita,26/02/1985,85000001188,Vocal - Lead,Solo (Open Class),Yes,,C,PASSED,
Participant 1310,Participant 1310,Wanita,02/01/1971,85000001310,Vocal - Lead,Madiun,Yes,,B,PASSED,
PARTICIPANT 251,PARTICIPANT 251,Wanita,19/08/1989,85000000251,Vocal - Lead,Madiun,Yes,,B,PASSED,
Participant 256,Participant 256,Wanita,18/09/1979,85000000256,Vocal - Lead,Pekalongan,Yes,,A,PASSED,
Participant 2821,Participant 2821,Wanita,21/09/1993,85000002821,Vocal - Lead,Yogyakarta,Yes,,A,PASSED,
Participant 2832,Participant 2832,Wanita,13/06/1995,85000002832,Vocal - Lead,Yogyakarta,Yes,,B,PASSED,
Participant 1387,Participant 1387,Wanita,26/03/1999,85000001387,Vocal - Lead,Yogyakarta (Open Class),Yes,,A,PASSED,
Participant 1389,Participant 1389,Wanita,06/12/2000,85000001389,Vocal - Lead,Yogyakarta (Open Class),No,,,,
Participant 1390,Participant 1390,Wanita,01/10/1998,85000001390,Vocal - Lead,Yogyakarta (Open Class),Yes,,B,PASSED,
PARTICIPANT 1391,PARTICIPANT 1391,Wanita,21/07/1998,85000001391,Vocal - Lead,Yogyakarta (Open Class),Yes,,B,PASSED,
Participant 1392,Participant 1392,Wanita,24/02/2000,85000001392,Vocal - Lead,Yogyakarta (Open Class),Yes,,C,PASSED,
PARTICIPANT 1400,PARTICIPANT 1400,Wanita,06/09/1981,85000001400,Vocal - Lead,Solo (Open Class),Yes,,C,PASSED,
Participant 1409,Participant 1409,Wanita,24/04/1986,85000001409,Vocal - Lead,Madiun,Yes,,C,PASSED,
Participant 2848,Participant 2848,Wanita,17/11/1999,85000002848,Vocal - Lead,Yogyakarta,No,,,,
Participant 2852,Participant 2852,Wanita,07/05/1969,85000002852,Vocal - Lead,Yogyakarta,Yes,,B,PASSED,
Participant 1431,Participant 1431,Wanita,14/01/1999,85000001431,Vocal - Lead,Nias,Yes,,C,PASSED,
PARTICIPANT 1433,PARTICIPANT 1433,Wanita,06/10/1996,85000001433,Vocal - Lead,Nias,No,,,,
Participant 284,Participant 284,Pria,29/06/1991,85000000284,Vocal - Lead,Madiun,Yes,,C,PASSED,
Participant 1474,Participant 1474,Pria,28/05/1992,85000001474,Vocal - Lead,Nias,No,,,,
Participant 1492,Participant 1492,Wanita,07/07/1979,85000001492,Vocal - Lead,Yogyakarta (Open Class),Yes,,C,PASSED,
PARTICIPANT 1502,PARTICIPANT 1502,Pria,02/12/2001,85000001502,Vocal - Lead,Solo (Open Class),Yes,,B,PASSED,
Participant 1510,Participant 1510,Wanita,03/04/1975,85000001510,Vocal - Lead,Solo (Open Class),Yes,,C,PASSED,
PARTICIPANT 2872,PARTICIPANT 2872,Wanita,07/12/1993,85000002872,Vocal - Lead,Yogyakarta,Yes,,C,PASSED,
Participant 1521,Participant 1521,Pria,02/02/2003,85000001521,Vocal - Lead,Jakarta (Open Class),No,,,,
Participant 1522,Participant 1522,Pria,16/09/2001,85000001522,Vocal - Lead,Jakarta (Open Class),Yes,,C,PASSED,
PARTICIPANT 1562,PARTICIPANT 1562,Wanita,28/05/1976,85000001562,Vocal - Lead,Madiun,Yes,,B,PASSED,
Participant 1641,Participant 1641,Wanita,27/04/1995,85000001641,Vocal - Lead,Solo (Open Class),Yes,,B,PASSED,
Participant 1646,Participant 1646,Wanita,20/09/1969,85000001646,Vocal - Lead,Solo (Open Class),Yes,,A,PASSED,
Participant 1649,Participant 1649,Pria,06/11/1981,85000001649,Vocal - Lead,Yogyakarta (Open Class),Yes,,A,PASSED,
Participant 1650,Participant 1650,Pria,14/06/1994,85000001650,Vocal - Lead,Yogyakarta (Open Class),Yes,,B,PASSED,
Participant 1651,Participant 1651,Pria,19/07/1978,85000001651,Vocal - Lead,Yogyakarta (Open Class),Yes,,A,PASSED,
Participant 1667,Participant 1667,Wanita,02/08/1986,85000001667,Vocal - Lead,Semarang,Yes,,B,PASSED,
Participant 1679,Participant 1679,Wanita,26/09/2004,85000001679,Vocal - Lead,Yogyakarta (Open Class),No,,,,
Participant 1693,Participant 1693,Wanita,29/11/2001,85000001693,Vocal - Lead,Yogyakarta (Open Class),Yes,,B,PASSED,
Participant 1701,Participant 1701,Wanita,16/08/1972,85000001701,Vocal - Lead,Solo (Open Class),Yes,,C,PASSED,
Participant 1732,Participant 1732,Wanita,31/01/1992,85000001732,Vocal - Lead,Yogyakarta (Open Class),Yes,,C,PASSED,
Participant 1775,Participant 1775,Pria,16/11/1972,85000001775,Vocal - Lead,Solo (Open Class),Yes,,C,PASSED,
Participant 2893,Participant 2893,Wanita,30/08/1995,85000002893,Vocal - Lead,Yogyakarta,Yes,,B,PASSED,
Participant 2894,Participant 2894,Pria,27/10/1978,85000002894,Vocal - Lead,Yogyakarta,No,,,,
Participant 2908,Participant 2908,Wanita,11/03/1990,85000002908,Vocal - Lead,Yogyakarta,Yes,,C,PASSED,
Participant 2963,Participant 2963,Wanita,27/01/1999,85000002963,Vocal - Lead,Yogyakarta,Yes,,C,PASSED,
Participant 639,Participant 639,Wanita,25/12/2003,85000000639,Vocal - Lead,Semarang,No,,,,
Participant 878,Participant 878,Wanita,21/09/1988,85000000878,Vocal - Lead,Solo (Open Class),Yes,,C,PASSED,
Participant 1038,Participant 1038,Wanita,05/09/2002,85000001038,Vocal - Singer,Solo (Open Class),No,,,,
Participant 1098,Participant 1098,Pria,23/01/1981,85000001098,Vocal - Singer,Solo (Open Class),Yes,,B,PASSED,
Participant 1253,Participant 1253,Wanita,17/06/1986,85000001253,Vocal - Singer,Solo (Open Class),Yes,,C,PASSED,
participant 1260,participant 1260,Pria,05/01/1983,85000001260,Vocal - Singer,Solo (Open Class),Yes,,C,PASSED,
Participant 1269,Participant 1269,Wanita,18/03/1997,85000001269,Vocal - Singer,Surabaya,Yes,,C,PASSED,
Participant 1343,Participant 1343,Wanita,19/07/2000,85000001343,Vocal - Singer,Solo (Open Class),No,,,,
Participant 1369,Participant 1369,Wanita,05/04/1998,85000001369,Vocal - Singer,Yogyakarta (Open Class),Yes,,B,PASSED,
Participant 156,Participant 156,Wanita,26/09/1989,85000000156,Vocal - Singer,Madiun,Yes,,B,PASSED,
Participant 162,Participant 162,Wanita,09/10/1977,85000000162,Vocal - Singer,Madiun,Yes,,A,PASSED,
Participant 1778,Participant 1778,Pria,20/06/1982,85000001778,Vocal - Singer,Semarang,Yes,,A,PASSED,
Participant 238,Participant 238,Wanita,09/01/1999,85000000238,Vocal - Singer,Tangerang,Yes,,B,PASSED,
Participant 2820,Participant 2820,Wanita,03/01/1987,85000002820,Vocal - Singer,Yogyakarta,Yes,,A,PASSED,
participant 2823,participant 2823,Wanita,01/01/1986,85000002823,Vocal - Singer,Yogyakarta,Yes,,B,PASSED,
Participant 2830,Participant 2830,Wanita,10/05/1997,85000002830,Vocal - Singer,Yogyakarta,Yes,,B,PASSED,
Participant 2831,Participant 2831,Wanita,17/02/1999,85000002831,Vocal - Singer,Yogyakarta,No,,,,
Participant 2836,Participant 2836,Pria,25/01/1998,85000002836,Vocal - Singer,Yogyakarta,Yes,,C,PASSED,
Participant 1376,Participant 1376,Wanita,11/12/2000,85000001376,Vocal - Singer,Yogyakarta (Open Class),Yes,,C,PASSED,
PARTICIPANT 2712,PARTICIPANT 2712,Wanita,03/12/1995,85000002712,Vocal - Singer,Yogyakarta,Yes,,C,PASSED,
Participant 1378,Participant 1378,Pria,20/02/2000,85000001378,Vocal - Singer,Yogyakarta (Open Class),Yes,,B,PASSED,
Participant 1381,Participant 1381,Wanita,23/01/1992,85000001381,Vocal - Singer,Yogyakarta (Open Class),Yes,,C,PASSED,
Participant 1383,Participant 1383,Wanita,15/10/1984,85000001383,Vocal - Singer,Samarinda,No,,,,
Participant 1384,Participant 1384,Wanita,17/11/2003,85000001384,Vocal - Singer,Yogyakarta (Open Class),Yes,,C,PASSED,
Participant 1385,Participant 1385,Pria,03/03/1991,85000001385,Vocal - Singer,Solo (Open Class),Yes,,C,PASSED,
Participant 1393,Participant 1393,Wanita,14/03/1986,85000001393,Vocal - Singer,Pekalongan,No,,,,
Participant 1395,Participant 1395,Wanita,21/03/2001,85000001395,Vocal - Singer,Jakarta (Open Class),Yes,,B,PASSED,
PARTICIPANT 1401,PARTICIPANT 1401,Pria,05/07/1993,85000001401,Vocal - Singer,Yogyakarta (Open Class),No,,,,
Participant 1405,Participant 1405,Pria,11/02/2002,85000001405,Vocal - Singer,Solo (Open Class),Yes,,C,PASSED,
Participant 1406,Participant 1406,Wanita,24/02/1997,85000001406,Vocal - Singer,Solo (Open Class),Yes,,C,PASSED,
Participant 1410,Participant 1410,Pria,17/12/2000,85000001410,Vocal - Singer,Pekalongan,Yes,,C,PASSED,
Participant 1411,Participant 1411,Wanita,18/05/1988,85000001411,Vocal - Singer,Semarang,Yes,,B,PASSED,
Participant 1414,Participant 1414,Wanita,17/01/1981,85000001414,Vocal - Singer,Nias,No,,,,
Participant 2759,Participant 2759,Pria,04/05/1998,85000002759,Vocal - Singer,Yogyakarta,Yes,,B,PASSED,
Participant 1416,Participant 1416,Pria,01/01/1977,85000001416,Vocal - Singer,Solo (Open Class),Yes,,A,PASSED,
Participant 1421,Participant 1421,Pria,29/10/2000,85000001421,Vocal - Singer,Solo (Open Class),Yes,,A,PASSED,
Participant 1426,Participant 1426,Pria,20/09/1997,85000001426,Vocal - Singer,Jakarta (Open Class),Yes,,B,PASSED,
Participant 1427,Participant 1427,Wanita,11/11/1977,85000001427,Vocal - Singer,Nias,Yes,,A,PASSED,
Participant 1428,Participant 1428,Pria,19/08/1992,85000001428,Vocal - Singer,Solo (Open Class),Yes,,B,PASSED,
Participant 1437,Participant 1437,Wanita,30/04/1993,85000001437,Vocal - Singer,Nias,Yes,,B,PASSED,
Participant 1451,Participant 1451,Wanita,05/11/1997,85000001451,Vocal - Singer,Jakarta (Open Class),Yes,,C,PASSED,
Participant 1463,Participant 1463,Wanita,12/10/1999,85000001463,Vocal - Singer,Solo (Open Class),No,,,,
Participant 1470,Participant 1470,Pria,02/12/2001,85000001470,Vocal - Singer,Solo (Open Class),Yes,,C,PASSED,
Participant 1471,Participant 1471,Pria,13/04/1976,85000001471,Vocal - Singer,Jakarta (Open Class),Yes,,C,PASSED,
participant 1478,participant 1478,Pria,08/05/1978,85000001478,Vocal - Singer,Jakarta (Open Class),Yes,,B,PASSED,
Participant 1479,Participant 1479,Pria,21/12/1993,85000001479,Vocal - Singer,Solo (Open Class),Yes,,C,PASSED,
Participant 1480,Participant 1480,Pria,14/01/2005,85000001480,Vocal - Singer,Nias,Yes,,C,PASSED,
Participant 1486,Participant 1486,Wanita,02/11/2004,85000001486,Vocal - Singer,Jakarta (Open Class),No,,,,
Participant 1487,Participant 1487,Pria,02/12/2001,85000001487,Vocal - Singer,Solo (Open Class),Yes,,C,PASSED,
Participant 1490,Participant 1490,Wanita,21/03/1987,85000001490,Vocal - Singer,Nias,Yes,,B,PASSED,
Participant 1495,Participant 1495,Pria,16/11/1988,85000001495,Vocal - Singer,Solo (Open Class),No,,,,
Participant 1496,Participant 1496,Wanita,20/12/1989,85000001496,Vocal - Singer,Wonogiri,Yes,,C,PASSED,
Participant 1504,Participant 1504,Wanita,22/08/2000,85000001504,Vocal - Singer,Yogyakarta (Open Class),No,,,,
Participant 1507,Participant 1507,Wanita,15/04/1998,85000001507,Vocal - Singer,Magelang,Yes,,C,PASSED,
Participant 1509,Participant 1509,Pria,22/08/2000,85000001509,Vocal - Singer,Yogyakarta (Open Class),Yes,,C,PASSED,
Participant 1518,Participant 1518,Wanita,07/04/1999,85000001518,Vocal - Singer,Jakarta (Open Class),Yes,,B,PASSED,
Participant 1523,Participant 1523,Wanita,21/07/2000,85000001523,Vocal - Singer,Yogyakarta (Open Class),Yes,,B,PASSED,
Participant 1526,Participant 1526,Wanita,03/11/1985,85000001526,Vocal - Singer,Solo (Open Class),No,,,,
Participant 1528,Participant 1528,Wanita,19/09/1993,85000001528,Vocal - Singer,Nias,Yes,,A,PASSED,
Participant 1542,Participant 1542,Pria,12/07/1990,85000001542,Vocal - Singer,Jakarta (Open Class),Yes,,A,PASSED,
Participant 1549,Participant 1549,Wanita,28/03/1983,85000001549,Vocal - Singer,Magelang,Yes,,B,PASSED,
Participant 1550,Participant 1550,Pria,23/10/1980,85000001550,Vocal - Singer,Nias,Yes,,A,PASSED,
Participant 1559,Participant 1559,Wanita,02/10/2000,85000001559,Vocal - Singer,Yogyakarta (Open Class),Yes,,B,PASSED,
Participant 1565,Participant 1565,Wanita,13/06/1975,85000001565,Vocal - Singer,Magelang,Yes,,B,PASSED,
Participant 1571,Participant 1571,Wanita,03/06/1998,85000001571,Vocal - Singer,Solo (Open Class),Yes,,C,PASSED,
Participant 1576,Participant 1576,Wanita,08/09/1982,85000001576,Vocal - Singer,Nias,Yes,,C,PASSED,
PARTICIPANT 1583,PARTICIPANT 1583,Wanita,02/01/1991,85000001583,Vocal - Singer,Yogyakarta (Open Class),No,,,,
Participant 1589,Participant 1589,Wanita,23/10/1974,85000001589,Vocal - Singer,Surabaya,Yes,,C,PASSED,
Participant 1590,Participant 1590,Wanita,03/05/1980,85000001590,Vocal - Singer,Surabaya,Yes,,B,PASSED,
Participant 1595,Participant 1595,Wanita,13/12/2003,85000001595,Vocal - Singer,Solo (Open Class),Yes,,C,PASSED,
Participant 1596,Participant 1596,Wanita,16/07/1979,85000001596,Vocal - Singer,Klaten,Yes,,C,PASSED,
Participant 1598,Participant 1598,Pria,26/09/1997,85000001598,Vocal - Singer,Solo (Open Class),Yes,,C,PASSED,
Participant 1599,Participant 1599,Wanita,21/02/2002,85000001599,Vocal - Singer,Klaten,No,,,,
Participant 1604,Participant 1604,Wanita,26/04/1977,85000001604,Vocal - Singer,Klaten,Yes,,B,PASSED,
Participant 1606,Participant 1606,Wanita,03/08/1988,85000001606,Vocal - Singer,Klaten,Yes,,C,PASSED,
Participant 1609,Participant 1609,Wanita,14/07/1981,85000001609,Vocal - Singer,Klaten,No,,,,
Participant 1610,Participant 1610,Wanita,21/07/1978,85000001610,Vocal - Singer,Klaten,Yes,,C,PASSED,
Participant 1611,Participant 1611,Wanita,20/10/1989,85000001611,Vocal - Singer,Klaten,No,,,,
Participant 1612,Participant 1612,Wanita,23/04/1982,85000001612,Vocal - Singer,Klaten,Yes,,C,PASSED,
Participant 1616,Participant 1616,Wanita,12/08/1986,85000001616,Vocal - Singer,Klaten,Yes,,B,PASSED,
Participant 1620,Participant 1620,Wanita,21/11/1977,85000001620,Vocal - Singer,Klaten,Yes,,B,PASSED,
Participant 1621,Participant 1621,Pria,06/03/1990,85000001621,Vocal - Singer,Klaten,Yes,,A,PASSED,
Participant 1622,Participant 1622,Wanita,27/09/1982,85000001622,Vocal - Singer,Solo (Open Class),No,,,,
Participant 1631,Participant 1631,Wanita,14/11/1974,85000001631,Vocal - Singer,Jakarta (Open Class),Yes,,A,PASSED,
Participant 1632,Participant 1632,Wanita,03/04/2001,85000001632,Vocal - Singer,Klaten,Yes,,B,PASSED,
Participant 1636,Participant 1636,Pria,21/01/1987,85000001636,Vocal - Singer,Klaten,Yes,,A,PASSED,
Participant 1639,Participant 1639,Pria,13/05/1991,85000001639,Vocal - Singer,Madiun,Yes,,B,PASSED,
Participant 1644,Participant 1644,Wanita,13/03/1989,85000001644,Vocal - Singer,Ngawi,Yes,,B,PASSED,
Participant 1645,Participant 1645,Wanita,06/01/2002,85000001645,Vocal - Singer,Jakarta (Open Class),Yes,,C,PASSED,
Participant 1652,Participant 1652,Pria,18/08/1988,85000001652,Vocal - Singer,Yogyakarta (Open Class),Yes,,C,PASSED,
PARTICIPANT 1653,PARTICIPANT 1653,Wanita,01/11/1993,85000001653,Vocal - Singer,Jakarta (Open Class),Yes,,C,PASSED,
Participant 1655,Participant 1655,Pria,20/06/1982,85000001655,Vocal - Singer,Semarang,No,,,,
Participant 1657,Participant 1657,Wanita,11/09/2000,85000001657,Vocal - Singer,Yogyakarta (Open Class),Yes,,B,PASSED,
Participant 1658,Participant 1658,Wanita,06/09/1991,85000001658,Vocal - Singer,Solo (Open Class),Yes,,C,PASSED,
Participant 1661,Participant 1661,Wanita,29/12/1999,85000001661,Vocal - Singer,Ngawi,Yes,,C,PASSED,
Participant 1665,Participant 1665,Wanita,29/12/1994,85000001665,Vocal - Singer,Yogyakarta (Open Class),Yes,,C,PASSED,
Participant 1672,Participant 1672,Wanita,19/03/1999,85000001672,Vocal - Singer,Solo (Open Class),Yes,,B,PASSED,
Participant 1673,Participant 1673,Wanita,25/08/2006,85000001673,Vocal - Singer,Ngawi,No,,,,
PARTICIPANT 1675,PARTICIPANT 1675,Pria,06/02/1989,85000001675,Vocal - Singer,Jakarta (Open Class),Yes,,C,PASSED,
Participant 1677,Participant 1677,Wanita,19/03/2003,85000001677,Vocal - Singer,Jakarta (Open Class),Yes,,C,PASSED,
Participant 1678,Participant 1678,Wanita,15/09/1999,85000001678,Vocal - Singer,Jakarta (Open Class),No,,,,
Participant 1681,Participant 1681,Wanita,07/06/1999,85000001681,Vocal - Singer,Solo (Open Class),Yes,,C,PASSED,
Participant 1682,Participant 1682,Wanita,20/05/2003,85000001682,Vocal - Singer,Yogyakarta (Open Class),No,,,,
Participant 1684,Participant 1684,Wanita,23/02/1998,85000001684,Vocal - Singer,Jakarta (Open Class),Yes,,B,PASSED,
Participant 1686,Participant 1686,Wanita,17/01/2000,85000001686,Vocal - Singer,Yogyakarta (Open Class),Yes,,B,PASSED,
PARTICIPANT 1689,PARTICIPANT 1689,Wanita,17/11/1981,85000001689,Vocal - Singer,Solo (Open Class),Yes,,A,PASSED,
Participant 1692,Participant 1692,Pria,20/01/2000,85000001692,Vocal - Singer,Yogyakarta (Open Class),Yes,,A,PASSED,
Participant 1694,Participant 1694,Wanita,21/08/2000,85000001694,Vocal - Singer,Jakarta (Open Class),No,,,,
Participant 1697,Participant 1697,Pria,29/10/1986,85000001697,Vocal - Singer,Jakarta (Open Class),Yes,,B,PASSED,
Participant 1702,Participant 1702,Wanita,16/03/1985,85000001702,Vocal - Singer,Jakarta (Open Class),Yes,,A,PASSED,
Participant 1704,Participant 1704,Wanita,06/06/1996,85000001704,Vocal - Singer,Yogyakarta (Open Class),Yes,,B,PASSED,
Participant 1705,Participant 1705,Wanita,01/01/1998,85000001705,Vocal - Singer,Jakarta (Open Class),Yes,,B,PASSED,
Participant 1707,Participant 1707,Pria,17/03/2000,85000001707,Vocal - Singer,Solo (Open Class),Yes,,C,PASSED,
Participant 1708,Participant 1708,Pria,14/11/1999,85000001708,Vocal - Singer,Jakarta (Open Class),Yes,,C,PASSED,
Participant 1711,Participant 1711,Wanita,19/12/2005,85000001711,Vocal - Singer,Jakarta (Open Class),Yes,,C,PASSED,
Participant 1712,Participant 1712,Wanita,24/06/2004,85000001712,Vocal - Singer,Yogyakarta (Open Class),Yes,,B,PASSED,
Participant 1713,Participant 1713,Wanita,07/09/1999,85000001713,Vocal - Singer,Yogyakarta (Open Class),No,,,,
Participant 370,Participant 370,Wanita,07/06/1989,85000000370,Vocal - Singer,Yogyakarta,Yes,,C,PASSED,
Participant 1720,Participant 1720,Wanita,26/05/2004,85000001720,Vocal - Singer,Solo (Open Class),Yes,,C,PASSED,
Participant 1726,Participant 1726,Wanita,21/03/1970,85000001726,Vocal - Singer,Jakarta (Open Class),Yes,,C,PASSED,
Participant 1727,Participant 1727,Wanita,29/11/2002,85000001727,Vocal - Singer,Yogyakarta (Open Class),Yes,,B,PASSED,
Participant 1733,Participant 1733,Pria,22/01/1973,85000001733,Vocal - Singer,Ngawi,Yes,,C,PASSED,
Participant 1735,Participant 1735,Pria,24/02/1987,85000001735,Vocal - Singer,Bandung,No,,,,
Participant 1736,Participant 1736,Wanita,23/03/1999,85000001736,Vocal - Singer,Yogyakarta (Open Class),Yes,,C,PASSED,
participant 1738,participant 1738,Wanita,05/09/1971,85000001738,Vocal - Singer,Ngawi,Yes,,C,PASSED,
Participant 1739,Participant 1739,Wanita,01/01/1984,85000001739,Vocal - Singer,Ngawi,No,,,,
Participant 1745,Participant 1745,Pria,17/06/1991,85000001745,Vocal - Singer,Yogyakarta (Open Class),Yes,,B,PASSED,
Participant 1746,Participant 1746,Wanita,17/11/2002,85000001746,Vocal - Singer,Tangerang,No,,,,
Participant 1748,Participant 1748,Wanita,06/09/1991,85000001748,Vocal - Singer,Samarinda,Yes,,B,PASSED,
Participant 1754,Participant 1754,Wanita,04/01/1981,85000001754,Vocal - Singer,Ngawi,Yes,,A,PASSED,
Participant 1755,Participant 1755,Wanita,29/10/2003,85000001755,Vocal - Singer,Tangerang,Yes,,A,PASSED,
Participant 1757,Participant 1757,Pria,07/10/1998,85000001757,Vocal - Singer,Solo (Open Class),Yes,,B,PASSED,
Participant 1759,Participant 1759,Wanita,29/05/1999,85000001759,Vocal - Singer,Bandung,No,,,,
Participant 1765,Participant 1765,Wanita,23/05/2001,85000001765,Vocal - Singer,Klaten,Yes,,A,PASSED,
Participant 1766,Participant 1766,Wanita,18/07/1990,85000001766,Vocal - Singer,Klaten,Yes,,B,PASSED,
Participant 1767,Participant 1767,Wanita,22/05/1988,85000001767,Vocal - Singer,Klaten,Yes,,B,PASSED,
Participant 1773,Participant 1773,Wanita,12/07/1984,85000001773,Vocal - Singer,Klaten,Yes,,C,PASSED,
Participant 1774,Participant 1774,Pria,23/10/1996,85000001774,Vocal - Singer,Solo (Open Class),Yes,,C,PASSED,
Participant 1780,Participant 1780,Pria,29/12/2005,85000001780,Vocal - Singer,Klaten,Yes,,C,PASSED,
Participant 1782,Participant 1782,Wanita,10/05/1989,85000001782,Vocal - Singer,Klaten,Yes,,B,PASSED,
Participant 1784,Participant 1784,Wanita,05/08/2006,85000001784,Vocal - Singer,Solo (Open Class),Yes,,C,PASSED,
Participant 1785,Participant 1785,Pria,16/08/1997,85000001785,Vocal - Singer,Solo (Open Class),No,,,,
Participant 469,Participant 469,Pria,31/08/1988,85000000469,Vocal - Singer,Madiun,Yes,,C,PASSED,
Participant 1797,Participant 1797,Wanita,20/05/2000,85000001797,Vocal - Singer,Tangerang,Yes,,C,PASSED,
Participant 1801,Participant 1801,Wanita,05/12/1997,85000001801,Vocal - Singer,Jakarta (Open Class),Yes,,B,PASSED,
Participant 1803,Participant 1803,Pria,26/01/1986,85000001803,Vocal - Singer,Jakarta (Open Class),Yes,,C,PASSED,
Participant 495,Participant 495,Wanita,28/10/1976,85000000495,Vocal - Singer,Klaten,Yes,,C,PASSED,
Participant 508,Participant 508,Wanita,30/11/1991,85000000508,Vocal - Singer,Bali,No,,,,
Participant 523,Participant 523,Wanita,26/01/1997,85000000523,Vocal - Singer,Solo,Yes,,C,PASSED,
Participant 1809,Participant 1809,Wanita,09/01/1989,85000001809,Vocal - Singer,Yogyakarta (Open Class),Yes,,B,PASSED,
Participant 1812,Participant 1812,Pria,10/07/1996,85000001812,Vocal - Singer,Yogyakarta (Open Class),No,,,,
Participant 1813,Participant 1813,Pria,11/04/1987,85000001813,Vocal - Singer,Yogyakarta (Open Class),Yes,,B,PASSED,
Participant 1822,Participant 1822,Pria,13/03/1969,85000001822,Vocal - Singer,Yogyakarta (Open Class),No,,,,
Participant 1823,Participant 1823,Wanita,05/12/2000,85000001823,Vocal - Singer,Yogyakarta (Open Class),Yes,,A,PASSED,
participant 1825,participant 1825,Wanita,13/03/1992,85000001825,Vocal - Singer,Magelang,Yes,,A,PASSED,
Participant 1827,Participant 1827,Wanita,12/04/1999,85000001827,Vocal - Singer,Yogyakarta (Open Class),Yes,,B,PASSED,
PARTICIPANT 1828,PARTICIPANT 1828,Wanita,01/10/2000,85000001828,Vocal - Singer,Malang,Yes,,A,PASSED,
Participant 679,Participant 679,Wanita,22/12/1992,85000000679,Vocal - Singer,Tangerang,No,,,,
Participant 79,Participant 79,Pria,01/09/1996,85000000079,Vocal - Singer,Klaten,Yes,,B,PASSED,
Participant 89,Participant 89,Wanita,12/09/1975,85000000089,Vocal - Singer,Solo,Yes,,B,PASSED,
